Geography,Geographic Area Name,Estimate!!SEX AND AGE!!Total population,Estimate!!RACE!!Total population!!One race!!White,Estimate!!RACE!!Total population!!One race!!Black or African American,Estimate!!RACE!!Total population!!One race!!Asian,Estimate!!HISPANIC OR LATINO AND RACE!!Total population,Estimate!!HISPANIC OR LATINO AND RACE!!Total population!!Hispanic or Latino (of any race)
8600000US06390,ZCTA5 06390,61,51,0,0,61,4
8600000US10001,ZCTA5 10001,25026,15880,1619,5201,25026,3925
8600000US10002,ZCTA5 10002,74363,23574,6645,31140,74363,19155
8600000US10003,ZCTA5 10003,54671,39951,2759,8244,54671,4732
8600000US10004,ZCTA5 10004,3310,2259,160,674,3310,193
8600000US10005,ZCTA5 10005,8664,6326,174,1514,8664,529
8600000US10006,ZCTA5 10006,3260,2291,156,561,3260,287
8600000US10007,ZCTA5 10007,7566,5784,623,882,7566,1110
8600000US10009,ZCTA5 10009,58267,34556,4581,8749,58267,13476
8600000US10010,ZCTA5 10010,34763,23667,3810,5231,34763,3138
8600000US10011,ZCTA5 10011,50228,39014,2303,4477,50228,6875
8600000US10012,ZCTA5 10012,23034,17165,613,3981,23034,1915
8600000US10013,ZCTA5 10013,28657,17734,940,8115,28657,1905
8600000US10014,ZCTA5 10014,29071,25470,484,1231,29071,2405
8600000US10016,ZCTA5 10016,52912,36986,1764,9767,52912,6706
8600000US10017,ZCTA5 10017,16065,11723,437,3240,16065,686
8600000US10018,ZCTA5 10018,8135,4693,310,2492,8135,1191
8600000US10019,ZCTA5 10019,45521,30126,2453,8496,45521,8011
8600000US10020,ZCTA5 10020,0,0,0,0,0,0
8600000US10021,ZCTA5 10021,42253,35183,119,4718,42253,2165
8600000US10022,ZCTA5 10022,31574,26359,435,3417,31574,3069
8600000US10023,ZCTA5 10023,62228,48343,2776,6973,62228,5283
8600000US10024,ZCTA5 10024,60714,50515,1773,4107,60714,6555
8600000US10025,ZCTA5 10025,92162,59085,9754,9188,92162,21867
8600000US10026,ZCTA5 10026,38937,9971,20310,2411,38937,7607
8600000US10027,ZCTA5 10027,64728,19471,25429,5512,64728,16263
8600000US10028,ZCTA5 10028,47962,40441,847,4990,47962,3548
8600000US10029,ZCTA5 10029,74617,23188,23400,8142,74617,33471
8600000US10030,ZCTA5 10030,30996,5412,18542,1147,30996,8564
8600000US10031,ZCTA5 10031,60280,17993,17271,2361,60280,29950
8600000US10032,ZCTA5 10032,59527,16262,10803,2542,59527,39054
8600000US10033,ZCTA5 10033,58648,23458,5118,1470,58648,39008
8600000US10034,ZCTA5 10034,41933,14749,5837,1257,41933,29248
8600000US10035,ZCTA5 10035,36999,7743,14458,1361,36999,16800
8600000US10036,ZCTA5 10036,28231,17606,1928,5529,28231,4991
8600000US10037,ZCTA5 10037,19177,2339,12961,763,19177,4428
8600000US10038,ZCTA5 10038,24205,12347,2516,6975,24205,2631
8600000US10039,ZCTA5 10039,27090,3954,16253,529,27090,9061
8600000US10040,ZCTA5 10040,45197,14944,4055,1293,45197,31425
8600000US10044,ZCTA5 10044,12770,5949,1582,4136,12770,1197
8600000US10065,ZCTA5 10065,30339,24572,636,4392,30339,2385
8600000US10069,ZCTA5 10069,6504,3111,315,1883,6504,1095
8600000US10075,ZCTA5 10075,22591,18775,457,1416,22591,3710
8600000US10103,ZCTA5 10103,0,0,0,0,0,0
8600000US10110,ZCTA5 10110,0,0,0,0,0,0
8600000US10111,ZCTA5 10111,0,0,0,0,0,0
8600000US10112,ZCTA5 10112,0,0,0,0,0,0
8600000US10115,ZCTA5 10115,0,0,0,0,0,0
8600000US10119,ZCTA5 10119,0,0,0,0,0,0
8600000US10128,ZCTA5 10128,57993,44069,2644,5364,57993,8538
8600000US10152,ZCTA5 10152,0,0,0,0,0,0
8600000US10153,ZCTA5 10153,0,0,0,0,0,0
8600000US10154,ZCTA5 10154,0,0,0,0,0,0
8600000US10162,ZCTA5 10162,1240,1162,0,45,1240,295
8600000US10165,ZCTA5 10165,0,0,0,0,0,0
8600000US10167,ZCTA5 10167,0,0,0,0,0,0
8600000US10168,ZCTA5 10168,0,0,0,0,0,0
8600000US10169,ZCTA5 10169,0,0,0,0,0,0
8600000US10170,ZCTA5 10170,0,0,0,0,0,0
8600000US10171,ZCTA5 10171,0,0,0,0,0,0
8600000US10172,ZCTA5 10172,0,0,0,0,0,0
8600000US10173,ZCTA5 10173,0,0,0,0,0,0
8600000US10174,ZCTA5 10174,0,0,0,0,0,0
8600000US10177,ZCTA5 10177,0,0,0,0,0,0
8600000US10199,ZCTA5 10199,0,0,0,0,0,0
8600000US10271,ZCTA5 10271,0,0,0,0,0,0
8600000US10278,ZCTA5 10278,0,0,0,0,0,0
8600000US10279,ZCTA5 10279,96,96,0,0,96,0
8600000US10280,ZCTA5 10280,9372,7129,55,1710,9372,1082
8600000US10282,ZCTA5 10282,6086,4670,139,998,6086,639
8600000US10301,ZCTA5 10301,38001,21927,8300,3009,38001,9448
8600000US10302,ZCTA5 10302,17942,9247,4584,1211,17942,6785
8600000US10303,ZCTA5 10303,27164,11474,8918,2071,27164,10853
8600000US10304,ZCTA5 10304,42133,21822,11931,4063,42133,9542
8600000US10305,ZCTA5 10305,42968,29468,2889,7404,42968,6164
8600000US10306,ZCTA5 10306,54318,43058,1874,4696,54318,9464
8600000US10307,ZCTA5 10307,15053,13834,17,691,15053,1339
8600000US10308,ZCTA5 10308,28901,26378,463,1548,28901,2692
8600000US10309,ZCTA5 10309,33896,31759,200,806,33896,2968
8600000US10310,ZCTA5 10310,24168,13815,5557,1502,24168,7450
8600000US10311,ZCTA5 10311,0,0,0,0,0,0
8600000US10312,ZCTA5 10312,61114,53863,590,4189,61114,7354
8600000US10314,ZCTA5 10314,89938,63791,3300,16415,89938,13674
8600000US10451,ZCTA5 10451,49423,8062,20160,642,49423,28799
8600000US10452,ZCTA5 10452,74379,11088,23894,1069,74379,51956
8600000US10453,ZCTA5 10453,78858,8986,25681,1769,78858,54353
8600000US10454,ZCTA5 10454,37807,6264,13164,108,37807,24959
8600000US10455,ZCTA5 10455,40300,6247,12739,344,40300,29515
8600000US10456,ZCTA5 10456,90479,11109,42701,601,90479,52804
8600000US10457,ZCTA5 10457,74679,14332,34049,536,74679,49595
8600000US10458,ZCTA5 10458,85893,13082,16270,2235,85893,61674
8600000US10459,ZCTA5 10459,48391,5971,17050,132,48391,32734
8600000US10460,ZCTA5 10460,57514,10055,19774,1050,57514,38643
8600000US10461,ZCTA5 10461,51081,24399,4721,6593,51081,24193
8600000US10462,ZCTA5 10462,75441,15651,20486,11793,75441,35057
8600000US10463,ZCTA5 10463,70236,32246,12085,2395,70236,36633
8600000US10464,ZCTA5 10464,4322,3031,21,79,4322,1591
8600000US10465,ZCTA5 10465,45066,25152,5947,1932,45066,21153
8600000US10466,ZCTA5 10466,74519,7801,52297,2042,74519,18621
8600000US10467,ZCTA5 10467,100867,24388,34448,5516,100867,52678
8600000US10468,ZCTA5 10468,78778,12013,19295,1569,78778,61285
8600000US10469,ZCTA5 10469,72550,12217,41335,4689,72550,20352
8600000US10470,ZCTA5 10470,15500,6508,5929,764,15500,3028
8600000US10471,ZCTA5 10471,22577,14922,2215,1267,22577,5659
8600000US10472,ZCTA5 10472,67989,7903,17483,5982,67989,42914
8600000US10473,ZCTA5 10473,59627,17329,22578,1032,59627,37130
8600000US10474,ZCTA5 10474,11579,1603,4933,25,11579,7273
8600000US10475,ZCTA5 10475,43791,6277,27837,1081,43791,13124
8600000US10501,ZCTA5 10501,1237,1224,13,0,1237,111
8600000US10502,ZCTA5 10502,5351,3868,166,729,5351,277
8600000US10503,ZCTA5 10503,106,92,0,14,106,19
8600000US10504,ZCTA5 10504,8053,6615,138,524,8053,654
8600000US10505,ZCTA5 10505,1336,1038,145,110,1336,97
8600000US10506,ZCTA5 10506,5555,4983,30,162,5555,466
8600000US10507,ZCTA5 10507,7152,4492,623,688,7152,2561
8600000US10509,ZCTA5 10509,20230,15835,417,664,20230,5104
8600000US10510,ZCTA5 10510,10300,8626,237,454,10300,1111
8600000US10511,ZCTA5 10511,2300,1619,205,71,2300,504
8600000US10512,ZCTA5 10512,24619,20915,849,505,24619,3919
8600000US10514,ZCTA5 10514,12543,10130,615,1415,12543,213
8600000US10516,ZCTA5 10516,5449,5020,173,79,5449,419
8600000US10517,ZCTA5 10517,497,456,4,31,497,24
8600000US10518,ZCTA5 10518,1041,934,0,103,1041,4
8600000US10519,ZCTA5 10519,305,179,0,126,305,0
8600000US10520,ZCTA5 10520,12885,10536,730,492,12885,1780
8600000US10522,ZCTA5 10522,11052,8583,506,648,11052,1697
8600000US10523,ZCTA5 10523,9415,3500,2861,775,9415,2977
8600000US10524,ZCTA5 10524,4317,3779,80,90,4317,394
8600000US10526,ZCTA5 10526,1860,1601,11,49,1860,158
8600000US10527,ZCTA5 10527,829,792,26,0,829,27
8600000US10528,ZCTA5 10528,13395,10914,243,1514,13395,1383
8600000US10530,ZCTA5 10530,12925,9257,1121,1290,12925,1527
8600000US10532,ZCTA5 10532,4739,4216,75,256,4739,416
8600000US10533,ZCTA5 10533,7463,6157,106,625,7463,581
8600000US10535,ZCTA5 10535,254,254,0,0,254,0
8600000US10536,ZCTA5 10536,11002,9788,173,289,11002,961
8600000US10537,ZCTA5 10537,2769,1925,461,257,2769,202
8600000US10538,ZCTA5 10538,16151,13466,674,1066,16151,1110
8600000US10541,ZCTA5 10541,26678,24036,346,269,26678,3182
8600000US10543,ZCTA5 10543,20999,15837,854,1126,20999,4966
8600000US10545,ZCTA5 10545,115,84,11,0,115,30
8600000US10546,ZCTA5 10546,1085,830,1,237,1085,44
8600000US10547,ZCTA5 10547,8034,5524,1322,242,8034,1765
8600000US10548,ZCTA5 10548,4087,3204,339,17,4087,668
8600000US10549,ZCTA5 10549,16121,12866,538,728,16121,4253
8600000US10550,ZCTA5 10550,36382,3982,26346,636,36382,7010
8600000US10552,ZCTA5 10552,21342,8806,8016,783,21342,3821
8600000US10553,ZCTA5 10553,9747,1073,8004,18,9747,930
8600000US10560,ZCTA5 10560,4814,3930,203,197,4814,347
8600000US10562,ZCTA5 10562,31847,19155,3585,1625,31847,10903
8600000US10566,ZCTA5 10566,24111,9486,5580,485,24111,10622
8600000US10567,ZCTA5 10567,20094,14732,1418,590,20094,4176
8600000US10570,ZCTA5 10570,12780,10279,926,664,12780,1472
8600000US10573,ZCTA5 10573,38749,24204,1736,999,38749,19504
8600000US10576,ZCTA5 10576,5036,4528,94,142,5036,289
8600000US10577,ZCTA5 10577,6387,4451,748,498,6387,876
8600000US10578,ZCTA5 10578,1386,588,0,143,1386,717
8600000US10579,ZCTA5 10579,8250,7311,127,143,8250,1082
8600000US10580,ZCTA5 10580,17185,14460,329,1101,17185,1593
8600000US10583,ZCTA5 10583,41087,29807,843,7048,41087,3406
8600000US10588,ZCTA5 10588,3102,2622,83,151,3102,797
8600000US10589,ZCTA5 10589,8080,7685,142,72,8080,451
8600000US10590,ZCTA5 10590,7208,6575,80,230,7208,372
8600000US10591,ZCTA5 10591,23059,14700,1290,1184,23059,7685
8600000US10594,ZCTA5 10594,5587,5031,162,182,5587,595
8600000US10595,ZCTA5 10595,8439,5966,1060,656,8439,1415
8600000US10596,ZCTA5 10596,1051,917,24,0,1051,115
8600000US10597,ZCTA5 10597,699,657,0,15,699,0
8600000US10598,ZCTA5 10598,28708,23815,1278,1532,28708,3033
8600000US10601,ZCTA5 10601,10256,5576,1509,1374,10256,2685
8600000US10603,ZCTA5 10603,18862,8917,4954,1620,18862,5854
8600000US10604,ZCTA5 10604,11132,8014,1153,296,11132,2706
8600000US10605,ZCTA5 10605,19849,14300,1792,1051,19849,3718
8600000US10606,ZCTA5 10606,16199,6895,2056,1284,16199,7283
8600000US10607,ZCTA5 10607,7162,3300,1576,863,7162,2249
8600000US10701,ZCTA5 10701,61367,22618,15605,2462,61367,29786
8600000US10703,ZCTA5 10703,22636,10502,5494,831,22636,8731
8600000US10704,ZCTA5 10704,31110,20265,3399,2116,31110,8588
8600000US10705,ZCTA5 10705,39848,14179,8056,2931,39848,21869
8600000US10706,ZCTA5 10706,8622,7543,101,620,8622,629
8600000US10707,ZCTA5 10707,9713,7462,303,972,9713,1194
8600000US10708,ZCTA5 10708,22212,16852,1704,974,22212,3765
8600000US10709,ZCTA5 10709,9369,8448,160,643,9369,337
8600000US10710,ZCTA5 10710,25104,12797,4313,3251,25104,6063
8600000US10801,ZCTA5 10801,40445,18374,11148,2656,40445,13677
8600000US10803,ZCTA5 10803,12492,9360,1112,810,12492,1512
8600000US10804,ZCTA5 10804,14365,11268,1599,653,14365,1494
8600000US10805,ZCTA5 10805,21331,11314,3424,1325,21331,8455
8600000US10901,ZCTA5 10901,23860,18765,2156,1282,23860,2471
8600000US10910,ZCTA5 10910,0,0,0,0,0,0
8600000US10911,ZCTA5 10911,0,0,0,0,0,0
8600000US10913,ZCTA5 10913,5294,4549,48,346,5294,205
8600000US10914,ZCTA5 10914,391,330,0,0,391,0
8600000US10915,ZCTA5 10915,79,79,0,0,79,0
8600000US10916,ZCTA5 10916,4582,3983,28,104,4582,647
8600000US10917,ZCTA5 10917,1650,1027,58,185,1650,295
8600000US10918,ZCTA5 10918,12286,9273,788,197,12286,2345
8600000US10919,ZCTA5 10919,1286,857,33,7,1286,678
8600000US10920,ZCTA5 10920,8919,6634,330,765,8919,1681
8600000US10921,ZCTA5 10921,3812,3099,65,76,3812,681
8600000US10922,ZCTA5 10922,1778,1044,147,143,1778,561
8600000US10923,ZCTA5 10923,7753,4068,829,709,7753,2958
8600000US10924,ZCTA5 10924,13538,11043,547,531,13538,2570
8600000US10925,ZCTA5 10925,3886,3494,33,255,3886,311
8600000US10926,ZCTA5 10926,3482,1826,709,337,3482,942
8600000US10927,ZCTA5 10927,12076,4569,909,380,12076,8605
8600000US10928,ZCTA5 10928,4132,2563,858,251,4132,421
8600000US10930,ZCTA5 10930,9789,7927,838,442,9789,2107
8600000US10931,ZCTA5 10931,1031,373,188,68,1031,362
8600000US10932,ZCTA5 10932,47,29,0,0,47,18
8600000US10933,ZCTA5 10933,417,394,0,23,417,51
8600000US10940,ZCTA5 10940,49430,28645,9546,1857,49430,15525
8600000US10941,ZCTA5 10941,13384,7971,2701,686,13384,2675
8600000US10950,ZCTA5 10950,53013,45574,1917,1125,53013,7311
8600000US10952,ZCTA5 10952,43374,38409,2973,562,43374,1571
8600000US10953,ZCTA5 10953,112,71,0,0,112,41
8600000US10954,ZCTA5 10954,25870,16298,4029,3694,25870,3598
8600000US10956,ZCTA5 10956,30697,21704,2786,3156,30697,4548
8600000US10958,ZCTA5 10958,3236,2594,453,5,3236,533
8600000US10960,ZCTA5 10960,15757,10895,2921,747,15757,3077
8600000US10962,ZCTA5 10962,5927,4272,470,858,5927,544
8600000US10963,ZCTA5 10963,4367,2959,774,106,4367,642
8600000US10964,ZCTA5 10964,1506,1364,8,106,1506,214
8600000US10965,ZCTA5 10965,15493,12386,189,923,15493,2352
8600000US10968,ZCTA5 10968,2466,2056,115,226,2466,300
8600000US10969,ZCTA5 10969,1098,915,59,47,1098,57
8600000US10970,ZCTA5 10970,10433,5587,1961,1004,10433,2656
8600000US10973,ZCTA5 10973,2510,2045,126,38,2510,173
8600000US10974,ZCTA5 10974,3189,2757,129,117,3189,321
8600000US10975,ZCTA5 10975,91,52,0,0,91,27
8600000US10976,ZCTA5 10976,2300,1635,130,197,2300,350
8600000US10977,ZCTA5 10977,64677,39347,15320,1588,64677,12858
8600000US10979,ZCTA5 10979,36,17,0,19,36,0
8600000US10980,ZCTA5 10980,13923,10234,1841,383,13923,2652
8600000US10983,ZCTA5 10983,5597,4488,81,427,5597,659
8600000US10984,ZCTA5 10984,2661,1878,540,75,2661,637
8600000US10985,ZCTA5 10985,149,149,0,0,149,0
8600000US10986,ZCTA5 10986,1836,1409,72,0,1836,566
8600000US10987,ZCTA5 10987,3499,3090,209,37,3499,279
8600000US10988,ZCTA5 10988,596,534,39,0,596,74
8600000US10989,ZCTA5 10989,8415,6083,569,962,8415,1212
8600000US10990,ZCTA5 10990,20735,18787,495,422,20735,1215
8600000US10992,ZCTA5 10992,8830,6886,1017,117,8830,1372
8600000US10993,ZCTA5 10993,5044,2441,775,330,5044,2304
8600000US10994,ZCTA5 10994,7115,5272,116,569,7115,1335
8600000US10996,ZCTA5 10996,6342,4802,349,311,6342,689
8600000US10998,ZCTA5 10998,3428,3127,79,15,3428,492
8600000US11001,ZCTA5 11001,26542,16888,1447,5687,26542,3604
8600000US11003,ZCTA5 11003,44712,9490,21013,6621,44712,8728
8600000US11004,ZCTA5 11004,15297,4999,752,7282,15297,1850
8600000US11005,ZCTA5 11005,2249,2137,0,112,2249,5
8600000US11010,ZCTA5 11010,25318,19175,579,2020,25318,4716
8600000US11020,ZCTA5 11020,6325,2326,1008,2803,6325,170
8600000US11021,ZCTA5 11021,18181,12409,352,4465,18181,1044
8600000US11023,ZCTA5 11023,9479,7818,87,1211,9479,421
8600000US11024,ZCTA5 11024,7869,6578,100,398,7869,977
8600000US11030,ZCTA5 11030,18450,14306,199,3086,18450,1262
8600000US11040,ZCTA5 11040,41523,20182,364,16400,41523,5428
8600000US11042,ZCTA5 11042,475,311,124,28,475,33
8600000US11050,ZCTA5 11050,30699,23613,403,3928,30699,4370
8600000US11096,ZCTA5 11096,8155,3486,1770,312,8155,3740
8600000US11101,ZCTA5 11101,32537,13324,4469,8631,32537,7105
8600000US11102,ZCTA5 11102,28359,16458,2186,4668,28359,7282
8600000US11103,ZCTA5 11103,35419,23557,1044,5056,35419,8549
8600000US11104,ZCTA5 11104,25037,14891,420,6163,25037,6972
8600000US11105,ZCTA5 11105,37452,27351,1020,3853,37452,8379
8600000US11106,ZCTA5 11106,37094,20347,2812,6629,37094,10228
8600000US11109,ZCTA5 11109,6127,3534,91,2174,6127,442
8600000US11201,ZCTA5 11201,64798,41093,7977,8634,64798,7354
8600000US11203,ZCTA5 11203,77589,3385,67107,1525,77589,5304
8600000US11204,ZCTA5 11204,75840,42054,808,25148,75840,9042
8600000US11205,ZCTA5 11205,47866,25199,13669,2948,47866,7871
8600000US11206,ZCTA5 11206,87599,40492,19698,5629,87599,32979
8600000US11207,ZCTA5 11207,90867,12502,57897,1399,90867,29584
8600000US11208,ZCTA5 11208,102626,23864,54146,6870,102626,40931
8600000US11209,ZCTA5 11209,68368,48436,2845,8941,68368,12163
8600000US11210,ZCTA5 11210,62423,19856,35240,2369,62423,4744
8600000US11211,ZCTA5 11211,104561,74440,6567,6641,104561,25035
8600000US11212,ZCTA5 11212,74037,6398,57275,677,74037,13314
8600000US11213,ZCTA5 11213,67382,16970,43233,1395,67382,7912
8600000US11214,ZCTA5 11214,90372,42330,1820,33391,90372,15975
8600000US11215,ZCTA5 11215,69995,51922,2848,6389,69995,11032
8600000US11216,ZCTA5 11216,59567,19128,30377,2894,59567,7315
8600000US11217,ZCTA5 11217,42461,24204,8288,3907,42461,6629
8600000US11218,ZCTA5 11218,73280,43368,6706,14466,73280,10630
8600000US11219,ZCTA5 11219,87812,57699,1295,21317,87812,10882
8600000US11220,ZCTA5 11220,90657,27716,2877,37421,90657,36498
8600000US11221,ZCTA5 11221,85582,21810,37775,3524,85582,28937
8600000US11222,ZCTA5 11222,36710,29347,1258,1944,36710,5592
8600000US11223,ZCTA5 11223,80500,44647,4289,20130,80500,10787
8600000US11224,ZCTA5 11224,45587,25039,9402,3368,45587,9256
8600000US11225,ZCTA5 11225,56072,16737,33538,1470,56072,5580
8600000US11226,ZCTA5 11226,96332,15139,64136,2826,96332,15360
8600000US11228,ZCTA5 11228,43878,23533,603,16253,43878,5323
8600000US11229,ZCTA5 11229,81909,52106,5260,18746,81909,7984
8600000US11230,ZCTA5 11230,87188,60164,6282,12434,87188,9950
8600000US11231,ZCTA5 11231,37796,25236,5572,2196,37796,6074
8600000US11232,ZCTA5 11232,26501,11592,2001,4213,26501,13702
8600000US11233,ZCTA5 11233,79796,10444,58859,1822,79796,12480
8600000US11234,ZCTA5 11234,90372,35078,40921,6725,90372,9795
8600000US11235,ZCTA5 11235,76921,56486,1687,10094,76921,6618
8600000US11236,ZCTA5 11236,98821,5346,84752,2631,98821,7474
8600000US11237,ZCTA5 11237,46772,16614,5807,2656,46772,28086
8600000US11238,ZCTA5 11238,55102,29580,16299,3287,55102,5693
8600000US11239,ZCTA5 11239,12832,3251,7632,461,12832,2387
8600000US11351,ZCTA5 11351,0,0,0,0,0,0
8600000US11354,ZCTA5 11354,52351,9821,1636,34024,52351,7482
8600000US11355,ZCTA5 11355,81358,10056,2214,58758,81358,12736
8600000US11356,ZCTA5 11356,24178,7276,459,7135,24178,10469
8600000US11357,ZCTA5 11357,40118,26062,273,9933,40118,6955
8600000US11358,ZCTA5 11358,36665,14150,469,17295,36665,6574
8600000US11359,ZCTA5 11359,0,0,0,0,0,0
8600000US11360,ZCTA5 11360,18892,11434,235,6125,18892,2068
8600000US11361,ZCTA5 11361,28531,13018,1358,12000,28531,3442
8600000US11362,ZCTA5 11362,18694,8426,491,8594,18694,1903
8600000US11363,ZCTA5 11363,6834,3739,132,2328,6834,860
8600000US11364,ZCTA5 11364,35866,13675,1379,17375,35866,5689
8600000US11365,ZCTA5 11365,43730,13423,3914,20085,43730,8721
8600000US11366,ZCTA5 11366,14109,5288,823,6688,14109,1574
8600000US11367,ZCTA5 11367,40141,21256,2877,11286,40141,7271
8600000US11368,ZCTA5 11368,108661,34083,10529,14467,108661,81431
8600000US11369,ZCTA5 11369,30693,7943,5126,4493,30693,18187
8600000US11370,ZCTA5 11370,29366,12548,4374,6863,29366,10689
8600000US11371,ZCTA5 11371,0,0,0,0,0,0
8600000US11372,ZCTA5 11372,63107,31320,1678,13514,63107,34248
8600000US11373,ZCTA5 11373,96495,15131,1702,47947,96495,40303
8600000US11374,ZCTA5 11374,43173,21237,1882,14084,43173,7897
8600000US11375,ZCTA5 11375,72615,42121,2363,20742,72615,11066
8600000US11377,ZCTA5 11377,82021,35187,2457,30037,82021,32026
8600000US11378,ZCTA5 11378,39033,25460,597,4811,39033,13158
8600000US11379,ZCTA5 11379,37780,28321,377,4356,37780,7983
8600000US11385,ZCTA5 11385,105025,78232,2853,6338,105025,49040
8600000US11411,ZCTA5 11411,20473,930,18631,81,20473,1328
8600000US11412,ZCTA5 11412,37987,945,32799,920,37987,2437
8600000US11413,ZCTA5 11413,41810,940,37697,486,41810,2582
8600000US11414,ZCTA5 11414,27672,21506,1162,1420,27672,5953
8600000US11415,ZCTA5 11415,18464,11214,959,3087,18464,4463
8600000US11416,ZCTA5 11416,26087,7070,1413,8348,26087,12016
8600000US11417,ZCTA5 11417,31156,9768,2575,9558,31156,11574
8600000US11418,ZCTA5 11418,37666,14804,3041,8817,37666,16348
8600000US11419,ZCTA5 11419,47955,4066,6522,18425,47955,8857
8600000US11420,ZCTA5 11420,47266,6846,11976,14991,47266,11485
8600000US11421,ZCTA5 11421,39654,14031,2270,7715,39654,23166
8600000US11422,ZCTA5 11422,32786,2430,27518,809,32786,2887
8600000US11423,ZCTA5 11423,29532,3767,11223,8812,29532,4025
8600000US11424,ZCTA5 11424,40,13,27,0,40,0
8600000US11425,ZCTA5 11425,0,0,0,0,0,0
8600000US11426,ZCTA5 11426,20222,6927,1219,8689,20222,3977
8600000US11427,ZCTA5 11427,25096,5949,5452,8329,25096,5200
8600000US11428,ZCTA5 11428,19830,3483,3888,5836,19830,4774
8600000US11429,ZCTA5 11429,27808,1161,19879,1066,27808,3990
8600000US11430,ZCTA5 11430,220,51,146,8,220,66
8600000US11432,ZCTA5 11432,64282,11250,11532,27346,64282,13382
8600000US11433,ZCTA5 11433,36929,1845,22808,4755,36929,5332
8600000US11434,ZCTA5 11434,62590,2657,52093,2057,62590,5910
8600000US11435,ZCTA5 11435,59392,10510,15490,13085,59392,18296
8600000US11436,ZCTA5 11436,18955,921,11560,1691,18955,2686
8600000US11451,ZCTA5 11451,0,0,0,0,0,0
8600000US11501,ZCTA5 11501,19675,14666,276,2489,19675,3438
8600000US11507,ZCTA5 11507,7051,4054,119,2621,7051,403
8600000US11509,ZCTA5 11509,1790,1669,29,24,1790,86
8600000US11510,ZCTA5 11510,33949,15515,13124,1175,33949,7386
8600000US11514,ZCTA5 11514,4644,3675,121,438,4644,556
8600000US11516,ZCTA5 11516,7476,6490,106,112,7476,1014
8600000US11518,ZCTA5 11518,9819,7586,866,493,9819,1242
8600000US11520,ZCTA5 11520,43451,17998,12385,796,43451,18351
8600000US11530,ZCTA5 11530,27669,24293,324,1504,27669,1901
8600000US11542,ZCTA5 11542,27666,18419,1579,1493,27666,8456
8600000US11545,ZCTA5 11545,12686,10760,165,854,12686,1457
8600000US11547,ZCTA5 11547,625,533,0,92,625,0
8600000US11548,ZCTA5 11548,2491,1320,178,727,2491,289
8600000US11549,ZCTA5 11549,2728,1754,326,281,2728,441
8600000US11550,ZCTA5 11550,57073,8457,26684,1121,57073,25103
8600000US11552,ZCTA5 11552,25169,14460,5662,1414,25169,5384
8600000US11553,ZCTA5 11553,26938,8624,11051,436,26938,12383
8600000US11554,ZCTA5 11554,37992,26457,1963,5191,37992,5646
8600000US11556,ZCTA5 11556,0,0,0,0,0,0
8600000US11557,ZCTA5 11557,7950,5916,466,856,7950,830
8600000US11558,ZCTA5 11558,8435,6851,169,265,8435,2373
8600000US11559,ZCTA5 11559,8265,7115,83,197,8265,938
8600000US11560,ZCTA5 11560,6850,6231,74,169,6850,635
8600000US11561,ZCTA5 11561,37759,31043,1949,1610,37759,4759
8600000US11563,ZCTA5 11563,21537,16789,931,1152,21537,5008
8600000US11565,ZCTA5 11565,8921,7516,536,301,8921,584
8600000US11566,ZCTA5 11566,33626,30968,678,1000,33626,2581
8600000US11568,ZCTA5 11568,4470,2984,339,728,4470,362
8600000US11569,ZCTA5 11569,1175,1175,0,0,1175,32
8600000US11570,ZCTA5 11570,27240,21830,2617,1159,27240,2645
8600000US11572,ZCTA5 11572,28673,25394,573,692,28673,4444
8600000US11575,ZCTA5 11575,16799,3088,9425,177,16799,6706
8600000US11576,ZCTA5 11576,12606,9563,163,2316,12606,686
8600000US11577,ZCTA5 11577,12120,8947,447,2084,12120,1302
8600000US11579,ZCTA5 11579,5183,4830,82,70,5183,321
8600000US11580,ZCTA5 11580,41930,13158,14298,6028,41930,9979
8600000US11581,ZCTA5 11581,21847,10308,4791,3370,21847,3793
8600000US11590,ZCTA5 11590,47468,21991,10214,4681,47468,15215
8600000US11596,ZCTA5 11596,10276,7929,93,1597,10276,945
8600000US11598,ZCTA5 11598,13977,12100,620,297,13977,981
8600000US11691,ZCTA5 11691,68454,23448,31620,3373,68454,16089
8600000US11692,ZCTA5 11692,22394,4666,12579,1245,22394,5621
8600000US11693,ZCTA5 11693,13029,7734,2813,539,13029,3713
8600000US11694,ZCTA5 11694,21258,17045,1234,446,21258,4115
8600000US11697,ZCTA5 11697,3527,3360,21,24,3527,278
8600000US11701,ZCTA5 11701,27264,11859,10326,104,27264,7344
8600000US11702,ZCTA5 11702,13963,13227,51,197,13963,858
8600000US11703,ZCTA5 11703,16820,12721,1731,542,16820,3161
8600000US11704,ZCTA5 11704,39960,29600,5366,1250,39960,6754
8600000US11705,ZCTA5 11705,8033,7368,255,136,8033,803
8600000US11706,ZCTA5 11706,67484,37731,8714,4088,67484,30099
8600000US11709,ZCTA5 11709,6720,6413,20,11,6720,301
8600000US11710,ZCTA5 11710,35473,30205,949,1958,35473,3507
8600000US11713,ZCTA5 11713,8247,5473,1825,195,8247,1970
8600000US11714,ZCTA5 11714,22769,18508,122,2422,22769,2654
8600000US11715,ZCTA5 11715,4287,4221,0,18,4287,191
8600000US11716,ZCTA5 11716,9748,8819,169,138,9748,1126
8600000US11717,ZCTA5 11717,62888,32122,9318,1329,62888,45267
8600000US11718,ZCTA5 11718,3070,2785,94,4,3070,210
8600000US11719,ZCTA5 11719,3209,2656,226,16,3209,489
8600000US11720,ZCTA5 11720,28773,23234,1554,1999,28773,4120
8600000US11721,ZCTA5 11721,6258,5725,156,237,6258,299
8600000US11722,ZCTA5 11722,34139,15969,8152,1171,34139,17472
8600000US11724,ZCTA5 11724,3089,2493,0,192,3089,369
8600000US11725,ZCTA5 11725,29229,26514,534,1461,29229,2132
8600000US11726,ZCTA5 11726,21012,10259,4170,246,21012,8527
8600000US11727,ZCTA5 11727,29262,20828,3646,1759,29262,5736
8600000US11729,ZCTA5 11729,25597,17814,2751,2878,25597,4126
8600000US11730,ZCTA5 11730,13335,11713,366,230,13335,2253
8600000US11731,ZCTA5 11731,30951,27848,528,1298,30951,2181
8600000US11732,ZCTA5 11732,3505,3104,128,120,3505,179
8600000US11733,ZCTA5 11733,17000,14217,227,1695,17000,1152
8600000US11735,ZCTA5 11735,33299,26540,1101,2945,33299,4415
8600000US11738,ZCTA5 11738,19364,15948,1516,701,19364,3818
8600000US11739,ZCTA5 11739,1307,1193,0,3,1307,139
8600000US11740,ZCTA5 11740,9321,7931,624,506,9321,420
8600000US11741,ZCTA5 11741,26245,23206,1260,938,26245,3420
8600000US11742,ZCTA5 11742,11968,10226,779,720,11968,1689
8600000US11743,ZCTA5 11743,42636,35326,2168,1193,42636,4752
8600000US11746,ZCTA5 11746,66518,48211,3745,6181,66518,12846
8600000US11747,ZCTA5 11747,18795,16280,536,1067,18795,854
8600000US11749,ZCTA5 11749,3315,1782,288,392,3315,1187
8600000US11751,ZCTA5 11751,13399,11808,287,260,13399,1697
8600000US11752,ZCTA5 11752,8821,7747,194,274,8821,1343
8600000US11753,ZCTA5 11753,13092,7508,97,4926,13092,275
8600000US11754,ZCTA5 11754,17861,16659,174,467,17861,1067
8600000US11755,ZCTA5 11755,12514,10711,202,768,12514,1513
8600000US11756,ZCTA5 11756,42856,33482,787,3837,42856,7064
8600000US11757,ZCTA5 11757,44130,36385,1962,744,44130,9078
8600000US11758,ZCTA5 11758,53034,47259,2852,547,53034,4285
8600000US11762,ZCTA5 11762,22263,20612,43,590,22263,1232
8600000US11763,ZCTA5 11763,28769,21727,3761,321,28769,7342
8600000US11764,ZCTA5 11764,13633,12563,58,161,13633,1801
8600000US11765,ZCTA5 11765,871,758,0,104,871,95
8600000US11766,ZCTA5 11766,11018,10585,71,262,11018,657
8600000US11767,ZCTA5 11767,15051,13539,276,638,15051,1782
8600000US11768,ZCTA5 11768,20903,19829,189,208,20903,1458
8600000US11769,ZCTA5 11769,8299,7517,505,11,8299,307
8600000US11770,ZCTA5 11770,65,65,0,0,65,0
8600000US11771,ZCTA5 11771,9517,8461,47,645,9517,1938
8600000US11772,ZCTA5 11772,46311,40484,1808,1158,46311,10395
8600000US11776,ZCTA5 11776,23578,20303,597,535,23578,4598
8600000US11777,ZCTA5 11777,9156,7972,199,763,9156,492
8600000US11778,ZCTA5 11778,11855,11242,80,53,11855,1428
8600000US11779,ZCTA5 11779,38091,30912,1720,3016,38091,6087
8600000US11780,ZCTA5 11780,15934,14347,292,816,15934,1163
8600000US11782,ZCTA5 11782,15057,14183,113,244,15057,628
8600000US11783,ZCTA5 11783,21285,20065,105,731,21285,1435
8600000US11784,ZCTA5 11784,25014,20013,1158,1668,25014,4041
8600000US11786,ZCTA5 11786,6225,5460,205,254,6225,599
8600000US11787,ZCTA5 11787,33837,30738,237,1446,33837,2141
8600000US11788,ZCTA5 11788,16693,13898,346,1663,16693,1854
8600000US11789,ZCTA5 11789,7496,6702,79,138,7496,554
8600000US11790,ZCTA5 11790,16099,11033,726,3763,16099,1072
8600000US11791,ZCTA5 11791,25776,16643,243,7803,25776,1113
8600000US11792,ZCTA5 11792,8413,8042,126,21,8413,614
8600000US11793,ZCTA5 11793,30601,28756,169,507,30601,3086
8600000US11794,ZCTA5 11794,3363,1069,441,1472,3363,279
8600000US11795,ZCTA5 11795,25062,23316,109,364,25062,2578
8600000US11796,ZCTA5 11796,4112,3886,44,70,4112,169
8600000US11797,ZCTA5 11797,8998,7130,196,1436,8998,285
8600000US11798,ZCTA5 11798,15636,2535,9455,235,15636,4318
8600000US11801,ZCTA5 11801,40179,23339,717,11789,40179,6276
8600000US11803,ZCTA5 11803,29208,23390,99,5090,29208,1293
8600000US11804,ZCTA5 11804,4639,3583,36,902,4639,201
8600000US11901,ZCTA5 11901,28760,20546,4171,542,28760,7371
8600000US11930,ZCTA5 11930,618,584,2,0,618,71
8600000US11931,ZCTA5 11931,84,84,0,0,84,0
8600000US11932,ZCTA5 11932,1099,807,228,47,1099,177
8600000US11933,ZCTA5 11933,6475,5549,573,204,6475,526
8600000US11934,ZCTA5 11934,7357,6609,230,175,7357,1263
8600000US11935,ZCTA5 11935,3008,2910,16,0,3008,142
8600000US11937,ZCTA5 11937,16672,13844,431,408,16672,5290
8600000US11939,ZCTA5 11939,1144,1112,13,0,1144,32
8600000US11940,ZCTA5 11940,4963,4659,40,97,4963,19
8600000US11941,ZCTA5 11941,1770,1676,36,0,1770,210
8600000US11942,ZCTA5 11942,5053,4746,17,175,5053,329
8600000US11944,ZCTA5 11944,4144,3450,237,45,4144,797
8600000US11946,ZCTA5 11946,15058,13188,155,39,15058,4425
8600000US11947,ZCTA5 11947,423,423,0,0,423,0
8600000US11948,ZCTA5 11948,670,670,0,0,670,215
8600000US11949,ZCTA5 11949,13457,11789,532,102,13457,975
8600000US11950,ZCTA5 11950,16130,12938,1403,184,16130,3560
8600000US11951,ZCTA5 11951,14756,12991,910,115,14756,2111
8600000US11952,ZCTA5 11952,5031,5015,16,0,5031,191
8600000US11953,ZCTA5 11953,14301,11143,2478,195,14301,1996
8600000US11954,ZCTA5 11954,3563,3344,16,3,3563,233
8600000US11955,ZCTA5 11955,3149,2835,97,142,3149,271
8600000US11956,ZCTA5 11956,353,337,4,0,353,12
8600000US11957,ZCTA5 11957,1023,988,5,4,1023,22
8600000US11958,ZCTA5 11958,683,683,0,0,683,144
8600000US11959,ZCTA5 11959,571,521,20,23,571,0
8600000US11960,ZCTA5 11960,721,721,0,0,721,10
8600000US11961,ZCTA5 11961,13701,11864,1074,328,13701,1379
8600000US11962,ZCTA5 11962,296,296,0,0,296,7
8600000US11963,ZCTA5 11963,6966,5893,150,290,6966,1088
8600000US11964,ZCTA5 11964,2287,2081,0,206,2287,0
8600000US11965,ZCTA5 11965,456,441,0,15,456,0
8600000US11967,ZCTA5 11967,29130,24510,2161,1333,29130,5457
8600000US11968,ZCTA5 11968,10778,8915,972,268,10778,1219
8600000US11970,ZCTA5 11970,391,364,0,27,391,0
8600000US11971,ZCTA5 11971,6073,5758,0,243,6073,686
8600000US11972,ZCTA5 11972,983,832,120,0,983,266
8600000US11973,ZCTA5 11973,37,11,23,3,37,0
8600000US11975,ZCTA5 11975,170,136,26,6,170,16
8600000US11976,ZCTA5 11976,1847,1560,14,65,1847,158
8600000US11977,ZCTA5 11977,2629,2338,13,178,2629,164
8600000US11978,ZCTA5 11978,2981,2462,76,62,2981,278
8600000US11980,ZCTA5 11980,5966,5517,289,44,5966,1124
8600000US12007,ZCTA5 12007,10,10,0,0,10,0
8600000US12008,ZCTA5 12008,542,538,0,0,542,0
8600000US12009,ZCTA5 12009,7690,6826,146,225,7690,428
8600000US12010,ZCTA5 12010,27556,22008,1293,311,27556,5876
8600000US12015,ZCTA5 12015,3347,2928,153,78,3347,246
8600000US12017,ZCTA5 12017,445,430,0,8,445,7
8600000US12018,ZCTA5 12018,7112,6951,21,17,7112,184
8600000US12019,ZCTA5 12019,14244,12903,154,684,14244,342
8600000US12020,ZCTA5 12020,33235,31498,238,795,33235,1344
8600000US12022,ZCTA5 12022,652,636,11,0,652,6
8600000US12023,ZCTA5 12023,2376,2322,13,17,2376,48
8600000US12024,ZCTA5 12024,0,0,0,0,0,0
8600000US12025,ZCTA5 12025,5331,5212,5,73,5331,95
8600000US12027,ZCTA5 12027,3996,3878,23,52,3996,65
8600000US12028,ZCTA5 12028,707,707,0,0,707,0
8600000US12029,ZCTA5 12029,1082,931,136,5,1082,22
8600000US12031,ZCTA5 12031,174,174,0,0,174,24
8600000US12032,ZCTA5 12032,753,672,0,66,753,0
8600000US12033,ZCTA5 12033,8152,7724,33,138,8152,424
8600000US12035,ZCTA5 12035,579,579,0,0,579,0
8600000US12036,ZCTA5 12036,252,250,0,2,252,0
8600000US12037,ZCTA5 12037,4489,3948,265,23,4489,160
8600000US12040,ZCTA5 12040,87,87,0,0,87,0
8600000US12041,ZCTA5 12041,681,646,0,0,681,10
8600000US12042,ZCTA5 12042,233,192,0,12,233,0
8600000US12043,ZCTA5 12043,8202,7436,311,55,8202,357
8600000US12045,ZCTA5 12045,449,445,4,0,449,24
8600000US12046,ZCTA5 12046,1103,1085,0,0,1103,18
8600000US12047,ZCTA5 12047,21453,17552,1295,1152,21453,1099
8600000US12051,ZCTA5 12051,6769,5208,1480,36,6769,692
8600000US12052,ZCTA5 12052,1921,1898,0,0,1921,4
8600000US12053,ZCTA5 12053,4611,4355,35,2,4611,206
8600000US12054,ZCTA5 12054,16948,15688,400,476,16948,426
8600000US12056,ZCTA5 12056,2543,2415,4,0,2543,232
8600000US12057,ZCTA5 12057,2176,2043,0,23,2176,39
8600000US12058,ZCTA5 12058,971,916,39,16,971,88
8600000US12059,ZCTA5 12059,1719,1699,4,9,1719,7
8600000US12060,ZCTA5 12060,1687,1658,0,22,1687,4
8600000US12061,ZCTA5 12061,9725,8584,143,537,9725,447
8600000US12062,ZCTA5 12062,1601,1546,0,9,1601,127
8600000US12063,ZCTA5 12063,770,770,0,0,770,0
8600000US12064,ZCTA5 12064,307,278,0,0,307,16
8600000US12065,ZCTA5 12065,42432,35993,1357,2621,42432,2109
8600000US12066,ZCTA5 12066,1837,1732,13,7,1837,24
8600000US12067,ZCTA5 12067,1554,1539,4,0,1554,9
8600000US12068,ZCTA5 12068,3029,2816,23,0,3029,236
8600000US12069,ZCTA5 12069,294,294,0,0,294,0
8600000US12070,ZCTA5 12070,1974,1935,13,26,1974,382
8600000US12071,ZCTA5 12071,319,319,0,0,319,0
8600000US12072,ZCTA5 12072,3065,2857,46,2,3065,160
8600000US12074,ZCTA5 12074,2957,2871,12,56,2957,21
8600000US12075,ZCTA5 12075,2530,2350,11,0,2530,155
8600000US12076,ZCTA5 12076,1188,1100,6,9,1188,88
8600000US12077,ZCTA5 12077,6488,5477,317,487,6488,194
8600000US12078,ZCTA5 12078,22956,20840,341,117,22956,952
8600000US12083,ZCTA5 12083,3830,3658,18,17,3830,109
8600000US12084,ZCTA5 12084,4806,2952,221,1411,4806,230
8600000US12085,ZCTA5 12085,430,344,30,0,430,0
8600000US12086,ZCTA5 12086,1379,1371,0,0,1379,81
8600000US12087,ZCTA5 12087,1069,980,0,0,1069,0
8600000US12089,ZCTA5 12089,61,61,0,0,61,0
8600000US12090,ZCTA5 12090,5931,5696,0,6,5931,202
8600000US12092,ZCTA5 12092,1008,1008,0,0,1008,4
8600000US12093,ZCTA5 12093,1602,1526,2,25,1602,18
8600000US12094,ZCTA5 12094,2260,2224,27,0,2260,108
8600000US12095,ZCTA5 12095,11986,11032,507,24,11986,441
8600000US12106,ZCTA5 12106,2299,2276,0,8,2299,97
8600000US12108,ZCTA5 12108,354,325,2,0,354,1
8600000US12110,ZCTA5 12110,21223,16597,1111,2162,21223,1299
8600000US12115,ZCTA5 12115,59,59,0,0,59,0
8600000US12116,ZCTA5 12116,1506,1506,0,0,1506,17
8600000US12117,ZCTA5 12117,3163,3107,7,0,3163,27
8600000US12118,ZCTA5 12118,16467,15261,121,606,16467,279
8600000US12120,ZCTA5 12120,733,724,9,0,733,18
8600000US12121,ZCTA5 12121,2110,2079,21,0,2110,197
8600000US12122,ZCTA5 12122,4137,3896,22,79,4137,174
8600000US12123,ZCTA5 12123,5120,4779,49,0,5120,24
8600000US12124,ZCTA5 12124,545,545,0,0,545,118
8600000US12125,ZCTA5 12125,1084,1054,0,22,1084,8
8600000US12130,ZCTA5 12130,892,892,0,0,892,0
8600000US12131,ZCTA5 12131,98,97,0,0,98,2
8600000US12132,ZCTA5 12132,352,277,0,0,352,0
8600000US12134,ZCTA5 12134,4232,4119,8,8,4232,170
8600000US12136,ZCTA5 12136,658,642,9,0,658,7
8600000US12137,ZCTA5 12137,1993,1969,20,0,1993,52
8600000US12138,ZCTA5 12138,3156,3097,15,7,3156,54
8600000US12139,ZCTA5 12139,142,119,0,0,142,0
8600000US12140,ZCTA5 12140,1681,1622,20,4,1681,0
8600000US12143,ZCTA5 12143,5032,4615,293,66,5032,6
8600000US12144,ZCTA5 12144,20604,17863,744,1007,20604,886
8600000US12147,ZCTA5 12147,495,491,4,0,495,0
8600000US12148,ZCTA5 12148,4143,3726,88,270,4143,127
8600000US12149,ZCTA5 12149,2358,2242,39,11,2358,40
8600000US12150,ZCTA5 12150,849,818,10,0,849,96
8600000US12151,ZCTA5 12151,1302,1268,7,4,1302,11
8600000US12153,ZCTA5 12153,809,717,0,42,809,0
8600000US12154,ZCTA5 12154,3249,3095,18,7,3249,54
8600000US12155,ZCTA5 12155,1979,1937,1,0,1979,42
8600000US12156,ZCTA5 12156,752,741,0,0,752,60
8600000US12157,ZCTA5 12157,4597,4199,93,61,4597,146
8600000US12158,ZCTA5 12158,6550,6031,109,143,6550,429
8600000US12159,ZCTA5 12159,7971,7270,68,432,7971,190
8600000US12160,ZCTA5 12160,841,784,24,8,841,27
8600000US12161,ZCTA5 12161,183,183,0,0,183,0
8600000US12164,ZCTA5 12164,402,400,2,0,402,0
8600000US12165,ZCTA5 12165,200,200,0,0,200,0
8600000US12166,ZCTA5 12166,1145,1114,0,0,1145,19
8600000US12167,ZCTA5 12167,2663,2553,29,53,2663,71
8600000US12168,ZCTA5 12168,1993,1993,0,0,1993,0
8600000US12169,ZCTA5 12169,353,319,0,0,353,0
8600000US12170,ZCTA5 12170,5034,4693,34,0,5034,324
8600000US12172,ZCTA5 12172,187,187,0,0,187,0
8600000US12173,ZCTA5 12173,2139,2051,11,0,2139,108
8600000US12174,ZCTA5 12174,526,498,0,0,526,13
8600000US12175,ZCTA5 12175,639,592,3,13,639,36
8600000US12176,ZCTA5 12176,373,363,0,0,373,13
8600000US12177,ZCTA5 12177,547,535,0,12,547,0
8600000US12180,ZCTA5 12180,53181,38599,7219,2400,53181,4320
8600000US12182,ZCTA5 12182,13886,10586,1609,118,13886,917
8600000US12183,ZCTA5 12183,2647,2112,246,35,2647,339
8600000US12184,ZCTA5 12184,6762,6062,120,63,6762,461
8600000US12185,ZCTA5 12185,2007,1985,0,4,2007,19
8600000US12186,ZCTA5 12186,6190,5902,34,64,6190,88
8600000US12187,ZCTA5 12187,519,502,9,0,519,17
8600000US12188,ZCTA5 12188,11774,11173,75,223,11774,517
8600000US12189,ZCTA5 12189,17945,13578,1303,1468,17945,1069
8600000US12190,ZCTA5 12190,687,684,3,0,687,0
8600000US12192,ZCTA5 12192,1778,1754,2,0,1778,101
8600000US12193,ZCTA5 12193,1888,1879,0,9,1888,0
8600000US12194,ZCTA5 12194,122,121,0,0,122,0
8600000US12195,ZCTA5 12195,245,245,0,0,245,0
8600000US12196,ZCTA5 12196,4072,4031,38,0,4072,22
8600000US12197,ZCTA5 12197,2139,2040,17,0,2139,127
8600000US12198,ZCTA5 12198,7119,6792,8,60,7119,229
8600000US12202,ZCTA5 12202,7753,2541,4125,239,7753,862
8600000US12203,ZCTA5 12203,30837,22753,3235,2369,30837,1713
8600000US12204,ZCTA5 12204,7497,3031,2525,929,7497,535
8600000US12205,ZCTA5 12205,26039,21346,1314,2128,26039,988
8600000US12206,ZCTA5 12206,15537,4885,6972,1456,15537,2366
8600000US12207,ZCTA5 12207,2264,793,1287,17,2264,161
8600000US12208,ZCTA5 12208,20517,14038,2808,1692,20517,1459
8600000US12209,ZCTA5 12209,10237,5246,2773,855,10237,1802
8600000US12210,ZCTA5 12210,11057,5207,4799,237,11057,765
8600000US12211,ZCTA5 12211,11227,9294,263,1236,11227,296
8600000US12222,ZCTA5 12222,6151,3855,1250,405,6151,1187
8600000US12302,ZCTA5 12302,27665,25601,611,503,27665,1085
8600000US12303,ZCTA5 12303,29416,20927,3334,1487,29416,2553
8600000US12304,ZCTA5 12304,20929,12913,3471,1437,20929,2003
8600000US12305,ZCTA5 12305,6246,3951,1411,230,6246,426
8600000US12306,ZCTA5 12306,26934,22600,2113,575,26934,1623
8600000US12307,ZCTA5 12307,7219,2350,2321,490,7219,1399
8600000US12308,ZCTA5 12308,14038,9017,2451,810,14038,1718
8600000US12309,ZCTA5 12309,30992,26200,754,2752,30992,882
8600000US12401,ZCTA5 12401,34800,25348,4597,600,34800,4534
8600000US12404,ZCTA5 12404,3679,3189,64,79,3679,495
8600000US12405,ZCTA5 12405,579,504,0,14,579,61
8600000US12406,ZCTA5 12406,695,671,0,9,695,191
8600000US12407,ZCTA5 12407,129,124,5,0,129,9
8600000US12409,ZCTA5 12409,723,655,0,40,723,35
8600000US12410,ZCTA5 12410,366,359,0,0,366,12
8600000US12411,ZCTA5 12411,349,291,0,0,349,0
8600000US12412,ZCTA5 12412,460,409,0,28,460,0
8600000US12413,ZCTA5 12413,3290,2914,18,25,3290,318
8600000US12414,ZCTA5 12414,9726,8348,749,136,9726,554
8600000US12416,ZCTA5 12416,439,137,0,0,439,271
8600000US12417,ZCTA5 12417,559,450,0,0,559,0
8600000US12418,ZCTA5 12418,313,268,10,0,313,0
8600000US12419,ZCTA5 12419,495,464,9,0,495,0
8600000US12420,ZCTA5 12420,436,436,0,0,436,0
8600000US12421,ZCTA5 12421,207,207,0,0,207,0
8600000US12422,ZCTA5 12422,272,272,0,0,272,0
8600000US12423,ZCTA5 12423,1320,1023,124,17,1320,40
8600000US12424,ZCTA5 12424,185,185,0,0,185,3
8600000US12427,ZCTA5 12427,962,931,9,13,962,9
8600000US12428,ZCTA5 12428,6535,4503,507,226,6535,1657
8600000US12429,ZCTA5 12429,314,314,0,0,314,0
8600000US12430,ZCTA5 12430,1570,1314,0,46,1570,173
8600000US12431,ZCTA5 12431,1125,1044,0,3,1125,75
8600000US12432,ZCTA5 12432,514,326,0,0,514,188
8600000US12433,ZCTA5 12433,483,483,0,0,483,0
8600000US12434,ZCTA5 12434,813,813,0,0,813,0
8600000US12435,ZCTA5 12435,144,144,0,0,144,5
8600000US12436,ZCTA5 12436,182,182,0,0,182,0
8600000US12438,ZCTA5 12438,0,0,0,0,0,0
8600000US12439,ZCTA5 12439,380,341,0,0,380,39
8600000US12440,ZCTA5 12440,1449,1309,58,60,1449,64
8600000US12441,ZCTA5 12441,125,125,0,0,125,0
8600000US12442,ZCTA5 12442,901,898,0,0,901,10
8600000US12443,ZCTA5 12443,3721,3304,170,19,3721,367
8600000US12444,ZCTA5 12444,555,439,0,1,555,96
8600000US12446,ZCTA5 12446,4683,3951,21,2,4683,301
8600000US12448,ZCTA5 12448,387,387,0,0,387,0
8600000US12449,ZCTA5 12449,3208,2485,128,20,3208,412
8600000US12450,ZCTA5 12450,139,139,0,0,139,58
8600000US12451,ZCTA5 12451,1425,1275,9,50,1425,91
8600000US12452,ZCTA5 12452,253,253,0,0,253,0
8600000US12453,ZCTA5 12453,345,327,0,0,345,93
8600000US12454,ZCTA5 12454,380,380,0,0,380,0
8600000US12455,ZCTA5 12455,1553,1292,31,2,1553,284
8600000US12456,ZCTA5 12456,968,926,42,0,968,96
8600000US12457,ZCTA5 12457,911,825,10,18,911,0
8600000US12458,ZCTA5 12458,3223,1980,469,40,3223,743
8600000US12459,ZCTA5 12459,174,174,0,0,174,0
8600000US12460,ZCTA5 12460,340,340,0,0,340,14
8600000US12461,ZCTA5 12461,1343,1056,2,142,1343,187
8600000US12463,ZCTA5 12463,1700,1457,27,20,1700,93
8600000US12464,ZCTA5 12464,958,927,0,18,958,7
8600000US12465,ZCTA5 12465,301,194,0,98,301,6
8600000US12466,ZCTA5 12466,2110,1823,13,0,2110,123
8600000US12468,ZCTA5 12468,955,924,0,5,955,0
8600000US12469,ZCTA5 12469,642,639,0,0,642,32
8600000US12470,ZCTA5 12470,564,564,0,0,564,0
8600000US12471,ZCTA5 12471,384,384,0,0,384,19
8600000US12472,ZCTA5 12472,1482,1366,30,27,1482,72
8600000US12473,ZCTA5 12473,573,573,0,0,573,3
8600000US12474,ZCTA5 12474,934,883,34,0,934,24
8600000US12475,ZCTA5 12475,373,323,0,0,373,11
8600000US12477,ZCTA5 12477,17870,16236,206,113,17870,1071
8600000US12480,ZCTA5 12480,407,379,0,13,407,36
8600000US12481,ZCTA5 12481,1732,1638,0,36,1732,0
8600000US12482,ZCTA5 12482,612,599,0,0,612,0
8600000US12483,ZCTA5 12483,205,204,0,0,205,0
8600000US12484,ZCTA5 12484,3318,2590,259,354,3318,88
8600000US12485,ZCTA5 12485,650,650,0,0,650,0
8600000US12486,ZCTA5 12486,1874,1231,100,20,1874,88
8600000US12487,ZCTA5 12487,3370,3097,0,6,3370,168
8600000US12489,ZCTA5 12489,1055,492,337,8,1055,388
8600000US12490,ZCTA5 12490,39,39,0,0,39,0
8600000US12491,ZCTA5 12491,1660,1378,4,0,1660,162
8600000US12492,ZCTA5 12492,90,88,0,0,90,8
8600000US12493,ZCTA5 12493,163,141,7,0,163,42
8600000US12494,ZCTA5 12494,762,741,21,0,762,15
8600000US12495,ZCTA5 12495,85,68,0,17,85,0
8600000US12496,ZCTA5 12496,1516,1372,67,18,1516,92
8600000US12498,ZCTA5 12498,4713,4208,171,173,4713,86
8600000US12501,ZCTA5 12501,2158,1712,76,5,2158,538
8600000US12502,ZCTA5 12502,1224,1064,24,29,1224,4
8600000US12503,ZCTA5 12503,617,537,12,9,617,63
8600000US12504,ZCTA5 12504,1490,1060,82,169,1490,152
8600000US12507,ZCTA5 12507,210,190,6,14,210,7
8600000US12508,ZCTA5 12508,19812,12935,3903,453,19812,3530
8600000US12512,ZCTA5 12512,244,244,0,0,244,0
8600000US12513,ZCTA5 12513,431,431,0,0,431,0
8600000US12514,ZCTA5 12514,2772,2514,58,100,2772,93
8600000US12515,ZCTA5 12515,1657,1425,33,0,1657,345
8600000US12516,ZCTA5 12516,1882,1786,10,39,1882,25
8600000US12517,ZCTA5 12517,391,319,0,0,391,44
8600000US12518,ZCTA5 12518,5861,5145,155,135,5861,667
8600000US12520,ZCTA5 12520,2970,2779,74,59,2970,262
8600000US12521,ZCTA5 12521,1522,1371,2,10,1522,33
8600000US12522,ZCTA5 12522,4918,4648,18,48,4918,745
8600000US12523,ZCTA5 12523,1810,1743,15,28,1810,45
8600000US12524,ZCTA5 12524,15608,12332,1481,635,15608,2225
8600000US12525,ZCTA5 12525,2966,2176,0,0,2966,10
8600000US12526,ZCTA5 12526,3530,3064,33,35,3530,409
8600000US12527,ZCTA5 12527,0,0,0,0,0,0
8600000US12528,ZCTA5 12528,12767,11049,579,234,12767,1444
8600000US12529,ZCTA5 12529,1919,1879,0,0,1919,102
8600000US12530,ZCTA5 12530,47,47,0,0,47,0
8600000US12531,ZCTA5 12531,2645,2443,24,47,2645,46
8600000US12533,ZCTA5 12533,26361,21371,1169,1361,26361,2840
8600000US12534,ZCTA5 12534,17814,13927,1821,742,17814,1043
8600000US12538,ZCTA5 12538,14566,11776,1303,547,14566,1265
8600000US12540,ZCTA5 12540,8882,7455,322,239,8882,1185
8600000US12542,ZCTA5 12542,5684,5162,220,47,5684,436
8600000US12543,ZCTA5 12543,3586,2808,505,34,3586,675
8600000US12545,ZCTA5 12545,4517,3860,208,137,4517,350
8600000US12546,ZCTA5 12546,2824,2460,113,81,2824,175
8600000US12547,ZCTA5 12547,2810,2583,83,51,2810,170
8600000US12548,ZCTA5 12548,1133,1053,19,0,1133,141
8600000US12549,ZCTA5 12549,11453,9291,923,119,11453,1409
8600000US12550,ZCTA5 12550,54503,28632,10875,1251,54503,20797
8600000US12553,ZCTA5 12553,26665,17469,4096,1291,26665,7220
8600000US12561,ZCTA5 12561,18224,15592,931,494,18224,1710
8600000US12563,ZCTA5 12563,7579,6011,921,66,7579,1399
8600000US12564,ZCTA5 12564,7710,6627,309,169,7710,1093
8600000US12565,ZCTA5 12565,997,948,28,10,997,37
8600000US12566,ZCTA5 12566,11886,10507,482,0,11886,1016
8600000US12567,ZCTA5 12567,2608,2438,5,17,2608,173
8600000US12569,ZCTA5 12569,9838,8404,259,175,9838,982
8600000US12570,ZCTA5 12570,6772,5772,519,159,6772,716
8600000US12571,ZCTA5 12571,10037,9148,277,228,10037,287
8600000US12572,ZCTA5 12572,8961,8158,204,264,8961,506
8600000US12574,ZCTA5 12574,502,453,0,31,502,49
8600000US12575,ZCTA5 12575,1930,1574,127,0,1930,501
8600000US12577,ZCTA5 12577,1929,1654,144,0,1929,110
8600000US12578,ZCTA5 12578,2100,1941,18,28,2100,14
8600000US12580,ZCTA5 12580,4359,3981,98,78,4359,141
8600000US12581,ZCTA5 12581,2231,1835,0,21,2231,493
8600000US12582,ZCTA5 12582,6213,4163,1310,125,6213,636
8600000US12583,ZCTA5 12583,2160,2053,7,46,2160,115
8600000US12585,ZCTA5 12585,928,731,150,0,928,0
8600000US12586,ZCTA5 12586,11774,9310,1621,104,11774,2014
8600000US12589,ZCTA5 12589,17843,13182,1644,355,17843,3130
8600000US12590,ZCTA5 12590,34823,27112,2468,1882,34823,5410
8600000US12592,ZCTA5 12592,1671,1479,92,25,1671,262
8600000US12594,ZCTA5 12594,4150,3656,303,0,4150,839
8600000US12601,ZCTA5 12601,41037,22296,11673,1040,41037,7043
8600000US12603,ZCTA5 12603,42140,32123,4961,1869,42140,5085
8600000US12604,ZCTA5 12604,594,365,44,123,594,51
8600000US12701,ZCTA5 12701,11278,6601,1904,380,11278,3160
8600000US12719,ZCTA5 12719,1229,1169,39,9,1229,48
8600000US12720,ZCTA5 12720,109,109,0,0,109,0
8600000US12721,ZCTA5 12721,5881,4686,416,69,5881,864
8600000US12722,ZCTA5 12722,21,21,0,0,21,0
8600000US12723,ZCTA5 12723,1561,1306,136,5,1561,182
8600000US12724,ZCTA5 12724,246,166,0,11,246,0
8600000US12725,ZCTA5 12725,147,138,0,3,147,6
8600000US12726,ZCTA5 12726,1440,1212,84,3,1440,112
8600000US12729,ZCTA5 12729,1650,1288,242,51,1650,134
8600000US12732,ZCTA5 12732,753,713,0,0,753,56
8600000US12733,ZCTA5 12733,1129,677,184,8,1129,273
8600000US12734,ZCTA5 12734,828,734,0,0,828,219
8600000US12736,ZCTA5 12736,90,74,0,0,90,16
8600000US12737,ZCTA5 12737,1800,1624,33,28,1800,159
8600000US12738,ZCTA5 12738,322,322,0,0,322,11
8600000US12740,ZCTA5 12740,1927,1609,63,0,1927,186
8600000US12741,ZCTA5 12741,175,172,3,0,175,6
8600000US12742,ZCTA5 12742,74,67,7,0,74,38
8600000US12743,ZCTA5 12743,391,383,3,0,391,0
8600000US12745,ZCTA5 12745,247,88,155,0,247,0
8600000US12746,ZCTA5 12746,663,556,0,55,663,38
8600000US12747,ZCTA5 12747,2072,1737,96,187,2072,277
8600000US12748,ZCTA5 12748,2042,1844,32,24,2042,273
8600000US12749,ZCTA5 12749,393,393,0,0,393,55
8600000US12750,ZCTA5 12750,233,233,0,0,233,0
8600000US12751,ZCTA5 12751,1019,801,109,0,1019,213
8600000US12752,ZCTA5 12752,296,281,7,0,296,8
8600000US12754,ZCTA5 12754,7142,4999,759,145,7142,1872
8600000US12758,ZCTA5 12758,3699,2967,28,28,3699,106
8600000US12759,ZCTA5 12759,2443,1463,594,11,2443,500
8600000US12760,ZCTA5 12760,478,474,0,0,478,89
8600000US12762,ZCTA5 12762,783,765,0,0,783,69
8600000US12763,ZCTA5 12763,684,638,0,0,684,81
8600000US12764,ZCTA5 12764,1770,1606,65,39,1770,40
8600000US12765,ZCTA5 12765,937,937,0,0,937,16
8600000US12766,ZCTA5 12766,248,248,0,0,248,0
8600000US12767,ZCTA5 12767,250,250,0,0,250,12
8600000US12768,ZCTA5 12768,930,896,20,0,930,220
8600000US12769,ZCTA5 12769,229,167,52,0,229,10
8600000US12770,ZCTA5 12770,248,220,0,13,248,54
8600000US12771,ZCTA5 12771,14408,11486,543,354,14408,2079
8600000US12775,ZCTA5 12775,2151,1611,321,20,2151,312
8600000US12776,ZCTA5 12776,2361,2172,25,6,2361,305
8600000US12777,ZCTA5 12777,863,789,17,5,863,55
8600000US12778,ZCTA5 12778,500,488,0,0,500,0
8600000US12779,ZCTA5 12779,1701,1006,260,0,1701,703
8600000US12780,ZCTA5 12780,2165,2008,36,0,2165,57
8600000US12781,ZCTA5 12781,242,139,53,0,242,93
8600000US12783,ZCTA5 12783,1605,1429,79,0,1605,234
8600000US12784,ZCTA5 12784,36,18,18,0,36,0
8600000US12785,ZCTA5 12785,1390,883,167,32,1390,141
8600000US12786,ZCTA5 12786,336,285,0,0,336,60
8600000US12787,ZCTA5 12787,278,238,0,40,278,0
8600000US12788,ZCTA5 12788,2909,2047,527,25,2909,428
8600000US12789,ZCTA5 12789,2009,1410,86,104,2009,573
8600000US12790,ZCTA5 12790,3933,3496,34,189,3933,361
8600000US12791,ZCTA5 12791,745,672,34,0,745,0
8600000US12792,ZCTA5 12792,106,106,0,0,106,0
8600000US12801,ZCTA5 12801,14330,13286,234,133,14330,705
8600000US12803,ZCTA5 12803,8317,8102,1,0,8317,97
8600000US12804,ZCTA5 12804,26112,25088,205,267,26112,483
8600000US12808,ZCTA5 12808,243,223,0,2,243,0
8600000US12809,ZCTA5 12809,3751,3695,0,4,3751,34
8600000US12810,ZCTA5 12810,630,613,3,0,630,16
8600000US12811,ZCTA5 12811,108,102,0,0,108,0
8600000US12812,ZCTA5 12812,214,214,0,0,214,0
8600000US12814,ZCTA5 12814,1259,1220,39,0,1259,0
8600000US12815,ZCTA5 12815,1027,976,0,0,1027,17
8600000US12816,ZCTA5 12816,4642,4434,65,50,4642,119
8600000US12817,ZCTA5 12817,2243,2227,2,14,2243,11
8600000US12819,ZCTA5 12819,236,233,0,0,236,0
8600000US12821,ZCTA5 12821,2839,993,1437,37,2839,743
8600000US12822,ZCTA5 12822,5962,5795,12,0,5962,111
8600000US12823,ZCTA5 12823,527,527,0,0,527,0
8600000US12824,ZCTA5 12824,946,931,15,0,946,26
8600000US12827,ZCTA5 12827,3455,3295,33,46,3455,11
8600000US12828,ZCTA5 12828,9690,9347,9,0,9690,90
8600000US12831,ZCTA5 12831,17389,16871,98,171,17389,576
8600000US12832,ZCTA5 12832,6500,6263,19,38,6500,27
8600000US12833,ZCTA5 12833,4544,4382,17,42,4544,40
8600000US12834,ZCTA5 12834,6101,5831,48,64,6101,154
8600000US12835,ZCTA5 12835,2530,2460,18,0,2530,27
8600000US12836,ZCTA5 12836,605,588,0,4,605,13
8600000US12837,ZCTA5 12837,1140,1133,0,0,1140,0
8600000US12838,ZCTA5 12838,638,636,0,0,638,0
8600000US12839,ZCTA5 12839,13011,12037,131,89,13011,386
8600000US12841,ZCTA5 12841,148,148,0,0,148,0
8600000US12842,ZCTA5 12842,765,701,4,2,765,0
8600000US12843,ZCTA5 12843,482,475,0,0,482,6
8600000US12844,ZCTA5 12844,292,281,8,0,292,6
8600000US12845,ZCTA5 12845,4610,4371,78,58,4610,214
8600000US12846,ZCTA5 12846,3248,3211,22,0,3248,19
8600000US12847,ZCTA5 12847,400,378,13,0,400,16
8600000US12849,ZCTA5 12849,303,299,2,0,303,8
8600000US12850,ZCTA5 12850,2866,2685,163,0,2866,33
8600000US12851,ZCTA5 12851,353,334,3,0,353,0
8600000US12852,ZCTA5 12852,344,333,2,2,344,3
8600000US12853,ZCTA5 12853,1834,1671,36,23,1834,8
8600000US12855,ZCTA5 12855,244,232,0,0,244,32
8600000US12856,ZCTA5 12856,291,291,0,0,291,0
8600000US12857,ZCTA5 12857,684,679,0,5,684,4
8600000US12858,ZCTA5 12858,107,101,0,0,107,0
8600000US12859,ZCTA5 12859,2425,2412,0,0,2425,11
8600000US12860,ZCTA5 12860,480,455,0,0,480,0
8600000US12861,ZCTA5 12861,530,519,0,4,530,0
8600000US12862,ZCTA5 12862,0,0,0,0,0,0
8600000US12863,ZCTA5 12863,880,880,0,0,880,0
8600000US12864,ZCTA5 12864,13,13,0,0,13,0
8600000US12865,ZCTA5 12865,3470,3269,71,1,3470,47
8600000US12866,ZCTA5 12866,38732,34830,1329,1099,38732,1332
8600000US12870,ZCTA5 12870,1736,1712,5,4,1736,3
8600000US12871,ZCTA5 12871,4361,4133,137,20,4361,101
8600000US12872,ZCTA5 12872,91,91,0,0,91,0
8600000US12873,ZCTA5 12873,875,862,2,0,875,20
8600000US12874,ZCTA5 12874,173,171,0,0,173,0
8600000US12878,ZCTA5 12878,663,648,8,0,663,14
8600000US12883,ZCTA5 12883,4790,4706,7,34,4790,6
8600000US12884,ZCTA5 12884,593,568,14,0,593,20
8600000US12885,ZCTA5 12885,4437,4299,50,48,4437,185
8600000US12886,ZCTA5 12886,273,261,0,0,273,0
8600000US12887,ZCTA5 12887,4857,4524,7,0,4857,84
8600000US12901,ZCTA5 12901,33048,29966,1002,646,33048,943
8600000US12903,ZCTA5 12903,1306,1207,16,52,1306,16
8600000US12910,ZCTA5 12910,2190,1735,276,17,2190,158
8600000US12911,ZCTA5 12911,0,0,0,0,0,0
8600000US12912,ZCTA5 12912,1903,1889,0,0,1903,28
8600000US12913,ZCTA5 12913,1059,1054,0,0,1059,0
8600000US12914,ZCTA5 12914,891,818,0,0,891,0
8600000US12916,ZCTA5 12916,2436,2135,90,0,2436,45
8600000US12917,ZCTA5 12917,1344,1225,31,5,1344,59
8600000US12918,ZCTA5 12918,2641,2429,18,0,2641,72
8600000US12919,ZCTA5 12919,2805,2734,7,8,2805,9
8600000US12920,ZCTA5 12920,2387,2266,12,4,2387,78
8600000US12921,ZCTA5 12921,2835,2653,16,6,2835,26
8600000US12922,ZCTA5 12922,32,31,0,0,32,0
8600000US12923,ZCTA5 12923,555,549,2,0,555,3
8600000US12924,ZCTA5 12924,59,59,0,0,59,0
8600000US12926,ZCTA5 12926,2380,2297,15,0,2380,50
8600000US12927,ZCTA5 12927,276,276,0,0,276,0
8600000US12928,ZCTA5 12928,2029,2003,2,1,2029,52
8600000US12929,ZCTA5 12929,4103,1583,1899,9,4103,711
8600000US12930,ZCTA5 12930,815,714,0,11,815,3
8600000US12932,ZCTA5 12932,1210,1056,37,0,1210,45
8600000US12933,ZCTA5 12933,65,48,0,0,65,17
8600000US12934,ZCTA5 12934,1059,1047,0,7,1059,0
8600000US12935,ZCTA5 12935,1428,1369,4,0,1428,13
8600000US12936,ZCTA5 12936,420,409,2,0,420,2
8600000US12937,ZCTA5 12937,1880,1373,87,13,1880,39
8600000US12939,ZCTA5 12939,155,155,0,0,155,0
8600000US12941,ZCTA5 12941,1402,1365,16,0,1402,24
8600000US12942,ZCTA5 12942,663,633,0,0,663,16
8600000US12943,ZCTA5 12943,314,308,0,0,314,0
8600000US12944,ZCTA5 12944,3683,3549,44,1,3683,51
8600000US12945,ZCTA5 12945,449,449,0,0,449,0
8600000US12946,ZCTA5 12946,4819,4630,58,12,4819,133
8600000US12950,ZCTA5 12950,674,622,35,0,674,7
8600000US12952,ZCTA5 12952,305,273,5,11,305,1
8600000US12953,ZCTA5 12953,15469,12123,2184,89,15469,1036
8600000US12955,ZCTA5 12955,366,351,0,0,366,0
8600000US12956,ZCTA5 12956,1180,1042,85,0,1180,51
8600000US12957,ZCTA5 12957,1559,1548,0,0,1559,0
8600000US12958,ZCTA5 12958,2020,1946,0,0,2020,48
8600000US12959,ZCTA5 12959,1474,1474,0,0,1474,4
8600000US12960,ZCTA5 12960,635,620,2,0,635,0
8600000US12961,ZCTA5 12961,243,141,0,0,243,33
8600000US12962,ZCTA5 12962,5084,4891,21,130,5084,20
8600000US12964,ZCTA5 12964,67,55,0,8,67,0
8600000US12965,ZCTA5 12965,537,526,0,11,537,5
8600000US12966,ZCTA5 12966,2732,2597,0,48,2732,67
8600000US12967,ZCTA5 12967,1035,1016,3,3,1035,18
8600000US12969,ZCTA5 12969,347,310,0,0,347,9
8600000US12970,ZCTA5 12970,839,750,19,45,839,19
8600000US12972,ZCTA5 12972,6611,6301,48,55,6611,169
8600000US12973,ZCTA5 12973,104,104,0,0,104,0
8600000US12974,ZCTA5 12974,2152,2040,8,0,2152,89
8600000US12975,ZCTA5 12975,217,194,8,1,217,0
8600000US12976,ZCTA5 12976,228,218,0,0,228,10
8600000US12977,ZCTA5 12977,1763,632,852,0,1763,485
8600000US12978,ZCTA5 12978,258,243,0,0,258,26
8600000US12979,ZCTA5 12979,2435,2346,7,31,2435,6
8600000US12980,ZCTA5 12980,1053,1045,0,0,1053,0
8600000US12981,ZCTA5 12981,2401,2377,0,15,2401,12
8600000US12983,ZCTA5 12983,7719,7063,327,0,7719,221
8600000US12985,ZCTA5 12985,994,954,0,0,994,35
8600000US12986,ZCTA5 12986,5928,5487,102,26,5928,224
8600000US12987,ZCTA5 12987,242,240,0,0,242,0
8600000US12989,ZCTA5 12989,1114,1037,0,52,1114,0
8600000US12992,ZCTA5 12992,3565,3465,3,7,3565,45
8600000US12993,ZCTA5 12993,1486,1445,18,2,1486,0
8600000US12996,ZCTA5 12996,2084,1908,14,6,2084,70
8600000US12997,ZCTA5 12997,1067,1028,1,7,1067,15
8600000US12998,ZCTA5 12998,313,259,0,23,313,0
8600000US13020,ZCTA5 13020,75,75,0,0,75,0
8600000US13021,ZCTA5 13021,37528,33912,1312,266,37528,1029
8600000US13024,ZCTA5 13024,1671,476,1058,0,1671,319
8600000US13026,ZCTA5 13026,1705,1524,23,22,1705,118
8600000US13027,ZCTA5 13027,33937,31939,534,320,33937,1174
8600000US13028,ZCTA5 13028,926,902,0,0,926,0
8600000US13029,ZCTA5 13029,7360,6889,0,83,7360,111
8600000US13030,ZCTA5 13030,3470,3102,0,37,3470,163
8600000US13031,ZCTA5 13031,15484,14676,170,305,15484,377
8600000US13032,ZCTA5 13032,12522,11498,30,19,12522,160
8600000US13033,ZCTA5 13033,3807,3707,3,9,3807,10
8600000US13034,ZCTA5 13034,1925,1843,11,17,1925,31
8600000US13035,ZCTA5 13035,8707,8310,204,50,8707,239
8600000US13036,ZCTA5 13036,9632,9372,77,5,9632,92
8600000US13037,ZCTA5 13037,9775,9302,75,20,9775,269
8600000US13039,ZCTA5 13039,17078,16105,196,440,17078,157
8600000US13040,ZCTA5 13040,2370,2294,7,0,2370,88
8600000US13041,ZCTA5 13041,11808,10528,399,191,11808,328
8600000US13042,ZCTA5 13042,2383,2333,0,2,2383,1
8600000US13044,ZCTA5 13044,2742,2578,0,0,2742,82
8600000US13045,ZCTA5 13045,28975,26735,933,256,28975,914
8600000US13051,ZCTA5 13051,135,135,0,0,135,0
8600000US13052,ZCTA5 13052,1626,1615,0,3,1626,4
8600000US13053,ZCTA5 13053,4861,4427,161,75,4861,193
8600000US13054,ZCTA5 13054,1500,1476,0,0,1500,0
8600000US13057,ZCTA5 13057,13126,12395,121,295,13126,206
8600000US13060,ZCTA5 13060,3050,2780,21,39,3050,47
8600000US13061,ZCTA5 13061,877,809,52,0,877,16
8600000US13062,ZCTA5 13062,37,37,0,0,37,0
8600000US13063,ZCTA5 13063,1827,1741,0,29,1827,111
8600000US13064,ZCTA5 13064,198,198,0,0,198,0
8600000US13066,ZCTA5 13066,12443,11304,277,380,12443,230
8600000US13068,ZCTA5 13068,5184,4813,58,29,5184,108
8600000US13069,ZCTA5 13069,24111,23006,334,75,24111,989
8600000US13071,ZCTA5 13071,934,882,0,21,934,45
8600000US13072,ZCTA5 13072,884,872,0,0,884,0
8600000US13073,ZCTA5 13073,6729,6163,179,51,6729,80
8600000US13074,ZCTA5 13074,4230,4093,0,10,4230,117
8600000US13076,ZCTA5 13076,2037,1981,0,0,2037,42
8600000US13077,ZCTA5 13077,6462,6310,5,130,6462,78
8600000US13078,ZCTA5 13078,10940,8548,704,1016,10940,164
8600000US13080,ZCTA5 13080,3227,3025,3,0,3227,93
8600000US13081,ZCTA5 13081,1203,1163,2,0,1203,35
8600000US13082,ZCTA5 13082,4201,4167,4,26,4201,1
8600000US13083,ZCTA5 13083,2027,1999,2,8,2027,6
8600000US13084,ZCTA5 13084,3814,3662,39,0,3814,48
8600000US13087,ZCTA5 13087,243,218,0,0,243,0
8600000US13088,ZCTA5 13088,20926,18705,601,546,20926,725
8600000US13090,ZCTA5 13090,29017,24551,1903,667,29017,1162
8600000US13092,ZCTA5 13092,2484,2336,42,16,2484,88
8600000US13101,ZCTA5 13101,2448,2311,2,0,2448,75
8600000US13102,ZCTA5 13102,74,74,0,0,74,0
8600000US13103,ZCTA5 13103,226,215,0,3,226,0
8600000US13104,ZCTA5 13104,16038,13987,149,1499,16038,446
8600000US13108,ZCTA5 13108,6193,5988,52,59,6193,127
8600000US13110,ZCTA5 13110,2198,2057,0,0,2198,5
8600000US13111,ZCTA5 13111,1769,1545,0,0,1769,203
8600000US13112,ZCTA5 13112,1683,1683,0,0,1683,0
8600000US13113,ZCTA5 13113,258,257,0,0,258,2
8600000US13114,ZCTA5 13114,6594,6422,31,35,6594,16
8600000US13115,ZCTA5 13115,238,232,0,0,238,1
8600000US13116,ZCTA5 13116,3447,2899,105,19,3447,413
8600000US13117,ZCTA5 13117,289,269,1,0,289,0
8600000US13118,ZCTA5 13118,6130,5342,530,30,6130,142
8600000US13120,ZCTA5 13120,2092,1551,331,8,2092,39
8600000US13122,ZCTA5 13122,1181,1136,9,0,1181,36
8600000US13123,ZCTA5 13123,485,485,0,0,485,0
8600000US13124,ZCTA5 13124,99,99,0,0,99,3
8600000US13126,ZCTA5 13126,35369,32416,1003,584,35369,1458
8600000US13131,ZCTA5 13131,3317,3151,13,53,3317,36
8600000US13132,ZCTA5 13132,3557,3365,28,12,3557,101
8600000US13134,ZCTA5 13134,187,130,0,0,187,0
8600000US13135,ZCTA5 13135,5939,5790,1,36,5939,80
8600000US13136,ZCTA5 13136,360,360,0,0,360,0
8600000US13138,ZCTA5 13138,121,121,0,0,121,0
8600000US13140,ZCTA5 13140,4534,4381,8,17,4534,108
8600000US13141,ZCTA5 13141,510,500,0,0,510,0
8600000US13142,ZCTA5 13142,6486,6131,35,4,6486,54
8600000US13143,ZCTA5 13143,2300,2143,69,20,2300,14
8600000US13144,ZCTA5 13144,1608,1571,17,0,1608,25
8600000US13145,ZCTA5 13145,1410,1377,2,0,1410,0
8600000US13146,ZCTA5 13146,2433,2186,19,19,2433,94
8600000US13147,ZCTA5 13147,1031,990,0,0,1031,78
8600000US13148,ZCTA5 13148,10648,9881,300,166,10648,351
8600000US13152,ZCTA5 13152,7841,7679,15,38,7841,140
8600000US13153,ZCTA5 13153,469,469,0,0,469,0
8600000US13155,ZCTA5 13155,491,476,0,0,491,13
8600000US13156,ZCTA5 13156,1757,1737,11,0,1757,0
8600000US13157,ZCTA5 13157,489,444,25,0,489,0
8600000US13158,ZCTA5 13158,1772,1710,43,3,1772,97
8600000US13159,ZCTA5 13159,5303,5133,36,14,5303,35
8600000US13160,ZCTA5 13160,2242,2130,8,8,2242,91
8600000US13162,ZCTA5 13162,248,248,0,0,248,0
8600000US13163,ZCTA5 13163,462,419,37,0,462,12
8600000US13164,ZCTA5 13164,2607,2555,0,0,2607,29
8600000US13165,ZCTA5 13165,9905,9395,134,73,9905,356
8600000US13166,ZCTA5 13166,5465,5323,27,47,5465,34
8600000US13167,ZCTA5 13167,2756,2687,0,15,2756,0
8600000US13202,ZCTA5 13202,6943,2395,3284,410,6943,1115
8600000US13203,ZCTA5 13203,16876,9745,4103,1380,16876,1547
8600000US13204,ZCTA5 13204,19264,10929,5648,225,19264,3298
8600000US13205,ZCTA5 13205,16746,6326,7870,558,16746,1199
8600000US13206,ZCTA5 13206,16837,11937,2506,697,16837,1097
8600000US13207,ZCTA5 13207,12552,6131,5183,108,12552,1169
8600000US13208,ZCTA5 13208,22560,11404,6152,3231,22560,1150
8600000US13209,ZCTA5 13209,12364,10671,595,61,12364,550
8600000US13210,ZCTA5 13210,27172,16611,4574,3320,27172,2394
8600000US13211,ZCTA5 13211,6117,5544,113,88,6117,438
8600000US13212,ZCTA5 13212,21557,19578,797,280,21557,617
8600000US13214,ZCTA5 13214,8392,6122,1161,296,8392,811
8600000US13215,ZCTA5 13215,14306,12698,525,188,14306,656
8600000US13219,ZCTA5 13219,14819,13650,522,183,14819,447
8600000US13224,ZCTA5 13224,8486,4585,2694,465,8486,776
8600000US13290,ZCTA5 13290,0,0,0,0,0,0
8600000US13301,ZCTA5 13301,198,198,0,0,198,0
8600000US13302,ZCTA5 13302,1483,1441,1,7,1483,16
8600000US13303,ZCTA5 13303,1454,1429,2,0,1454,22
8600000US13304,ZCTA5 13304,1726,1677,6,34,1726,17
8600000US13305,ZCTA5 13305,204,204,0,0,204,0
8600000US13308,ZCTA5 13308,3867,3767,0,8,3867,0
8600000US13309,ZCTA5 13309,5672,5426,30,5,5672,103
8600000US13310,ZCTA5 13310,828,828,0,0,828,0
8600000US13312,ZCTA5 13312,332,328,0,0,332,0
8600000US13313,ZCTA5 13313,451,434,0,0,451,59
8600000US13314,ZCTA5 13314,232,232,0,0,232,0
8600000US13315,ZCTA5 13315,1471,1428,7,22,1471,21
8600000US13316,ZCTA5 13316,6168,6029,59,25,6168,100
8600000US13317,ZCTA5 13317,3847,3653,8,23,3847,60
8600000US13318,ZCTA5 13318,1300,1298,0,0,1300,0
8600000US13319,ZCTA5 13319,761,761,0,0,761,0
8600000US13320,ZCTA5 13320,2119,2099,5,0,2119,26
8600000US13321,ZCTA5 13321,639,593,0,26,639,20
8600000US13322,ZCTA5 13322,888,865,11,0,888,26
8600000US13323,ZCTA5 13323,11585,10716,195,244,11585,544
8600000US13324,ZCTA5 13324,2195,2171,8,2,2195,11
8600000US13325,ZCTA5 13325,955,949,0,0,955,21
8600000US13326,ZCTA5 13326,5165,4602,120,148,5165,165
8600000US13327,ZCTA5 13327,1762,1762,0,0,1762,13
8600000US13328,ZCTA5 13328,1622,1539,4,0,1622,10
8600000US13329,ZCTA5 13329,4211,4005,0,11,4211,186
8600000US13331,ZCTA5 13331,61,61,0,0,61,0
8600000US13332,ZCTA5 13332,2823,2625,27,5,2823,35
8600000US13333,ZCTA5 13333,35,35,0,0,35,0
8600000US13334,ZCTA5 13334,1083,1070,0,1,1083,0
8600000US13335,ZCTA5 13335,1386,1271,3,24,1386,61
8600000US13337,ZCTA5 13337,628,612,0,16,628,16
8600000US13338,ZCTA5 13338,1263,1218,15,0,1263,0
8600000US13339,ZCTA5 13339,6382,5967,65,2,6382,355
8600000US13340,ZCTA5 13340,8023,7485,114,12,8023,161
8600000US13341,ZCTA5 13341,171,167,0,4,171,0
8600000US13342,ZCTA5 13342,229,183,0,0,229,53
8600000US13343,ZCTA5 13343,1572,1569,0,0,1572,0
8600000US13345,ZCTA5 13345,150,136,14,0,150,0
8600000US13346,ZCTA5 13346,6225,5405,217,362,6225,405
8600000US13348,ZCTA5 13348,1381,1337,8,4,1381,10
8600000US13350,ZCTA5 13350,9727,8965,193,117,9727,180
8600000US13352,ZCTA5 13352,10,10,0,0,10,0
8600000US13353,ZCTA5 13353,17,14,0,0,17,0
8600000US13354,ZCTA5 13354,3777,3731,5,3,3777,17
8600000US13355,ZCTA5 13355,1440,1431,0,0,1440,0
8600000US13357,ZCTA5 13357,10748,10062,361,52,10748,434
8600000US13360,ZCTA5 13360,134,134,0,0,134,0
8600000US13361,ZCTA5 13361,872,836,4,13,872,25
8600000US13362,ZCTA5 13362,129,129,0,0,129,0
8600000US13363,ZCTA5 13363,2358,2233,22,0,2358,94
8600000US13364,ZCTA5 13364,222,222,0,0,222,0
8600000US13365,ZCTA5 13365,8472,8256,38,19,8472,267
8600000US13367,ZCTA5 13367,8893,8538,144,38,8893,234
8600000US13368,ZCTA5 13368,1184,1150,8,0,1184,0
8600000US13402,ZCTA5 13402,1441,1423,3,10,1441,7
8600000US13403,ZCTA5 13403,7485,6463,827,21,7485,488
8600000US13404,ZCTA5 13404,130,130,0,0,130,0
8600000US13406,ZCTA5 13406,865,859,4,0,865,0
8600000US13407,ZCTA5 13407,4830,4395,88,75,4830,91
8600000US13408,ZCTA5 13408,3584,3071,276,114,3584,101
8600000US13409,ZCTA5 13409,2255,2100,39,0,2255,84
8600000US13410,ZCTA5 13410,350,289,0,0,350,5
8600000US13411,ZCTA5 13411,3092,3007,0,3,3092,77
8600000US13413,ZCTA5 13413,15750,14307,178,598,15750,425
8600000US13415,ZCTA5 13415,25,18,0,0,25,7
8600000US13416,ZCTA5 13416,2079,2034,7,0,2079,9
8600000US13417,ZCTA5 13417,3066,2831,23,74,3066,36
8600000US13418,ZCTA5 13418,268,254,0,0,268,0
8600000US13420,ZCTA5 13420,1064,1034,30,0,1064,26
8600000US13421,ZCTA5 13421,13230,12591,196,63,13230,397
8600000US13424,ZCTA5 13424,2375,2067,154,131,2375,97
8600000US13425,ZCTA5 13425,2143,2052,53,23,2143,11
8600000US13428,ZCTA5 13428,1668,1600,12,41,1668,17
8600000US13431,ZCTA5 13431,1902,1872,8,0,1902,24
8600000US13433,ZCTA5 13433,1657,1642,13,1,1657,24
8600000US13435,ZCTA5 13435,347,278,57,2,347,0
8600000US13436,ZCTA5 13436,42,42,0,0,42,3
8600000US13437,ZCTA5 13437,326,325,0,0,326,0
8600000US13438,ZCTA5 13438,2944,2906,20,3,2944,53
8600000US13439,ZCTA5 13439,3720,3695,11,3,3720,109
8600000US13440,ZCTA5 13440,41342,36436,2207,453,41342,2909
8600000US13441,ZCTA5 13441,197,114,63,0,197,20
8600000US13450,ZCTA5 13450,85,85,0,0,85,0
8600000US13452,ZCTA5 13452,4671,4432,52,28,4671,124
8600000US13454,ZCTA5 13454,800,752,0,0,800,5
8600000US13456,ZCTA5 13456,4039,3699,11,229,4039,67
8600000US13459,ZCTA5 13459,2343,2266,2,32,2343,62
8600000US13460,ZCTA5 13460,4122,3982,11,17,4122,55
8600000US13461,ZCTA5 13461,2987,2843,38,40,2987,138
8600000US13464,ZCTA5 13464,1368,1348,12,0,1368,4
8600000US13468,ZCTA5 13468,478,478,0,0,478,10
8600000US13469,ZCTA5 13469,1238,1238,0,0,1238,0
8600000US13470,ZCTA5 13470,665,639,12,3,665,32
8600000US13471,ZCTA5 13471,3045,2956,26,0,3045,9
8600000US13472,ZCTA5 13472,79,79,0,0,79,0
8600000US13473,ZCTA5 13473,958,829,6,0,958,59
8600000US13475,ZCTA5 13475,13,13,0,0,13,0
8600000US13476,ZCTA5 13476,3617,3410,82,13,3617,78
8600000US13477,ZCTA5 13477,1029,1023,0,0,1029,7
8600000US13478,ZCTA5 13478,3257,3231,0,26,3257,54
8600000US13480,ZCTA5 13480,3235,3176,18,9,3235,21
8600000US13483,ZCTA5 13483,317,311,6,0,317,0
8600000US13484,ZCTA5 13484,174,174,0,0,174,0
8600000US13485,ZCTA5 13485,1231,1210,13,0,1231,5
8600000US13486,ZCTA5 13486,701,701,0,0,701,0
8600000US13488,ZCTA5 13488,103,95,0,0,103,0
8600000US13489,ZCTA5 13489,538,500,36,0,538,0
8600000US13490,ZCTA5 13490,1606,1556,0,50,1606,50
8600000US13491,ZCTA5 13491,3330,3286,2,22,3330,72
8600000US13492,ZCTA5 13492,11118,10268,306,232,11118,394
8600000US13493,ZCTA5 13493,2318,2248,0,9,2318,25
8600000US13494,ZCTA5 13494,240,237,0,3,240,0
8600000US13495,ZCTA5 13495,2035,1891,41,12,2035,181
8600000US13501,ZCTA5 13501,37132,21273,5322,6048,37132,4764
8600000US13502,ZCTA5 13502,32437,24563,4120,1201,32437,2932
8600000US13601,ZCTA5 13601,36982,31381,2599,540,36982,2807
8600000US13602,ZCTA5 13602,4383,2551,833,351,4383,856
8600000US13603,ZCTA5 13603,9274,6105,1328,277,9274,2298
8600000US13605,ZCTA5 13605,5173,4961,5,0,5173,131
8600000US13606,ZCTA5 13606,2456,2432,3,0,2456,23
8600000US13607,ZCTA5 13607,1445,1393,35,10,1445,10
8600000US13608,ZCTA5 13608,1698,1645,1,0,1698,34
8600000US13612,ZCTA5 13612,2233,2084,1,73,2233,41
8600000US13613,ZCTA5 13613,2698,2587,7,5,2698,14
8600000US13614,ZCTA5 13614,355,330,0,0,355,0
8600000US13615,ZCTA5 13615,905,893,3,8,905,19
8600000US13616,ZCTA5 13616,2202,1417,333,333,2202,58
8600000US13617,ZCTA5 13617,11556,10456,527,257,11556,346
8600000US13618,ZCTA5 13618,1525,1448,12,19,1525,27
8600000US13619,ZCTA5 13619,10439,9163,299,79,10439,549
8600000US13620,ZCTA5 13620,2592,2472,7,20,2592,80
8600000US13621,ZCTA5 13621,494,489,1,0,494,4
8600000US13622,ZCTA5 13622,2138,2007,40,10,2138,63
8600000US13623,ZCTA5 13623,13,13,0,0,13,0
8600000US13624,ZCTA5 13624,5297,4501,421,16,5297,322
8600000US13625,ZCTA5 13625,1470,1450,1,0,1470,8
8600000US13626,ZCTA5 13626,2271,2139,11,15,2271,26
8600000US13628,ZCTA5 13628,211,209,0,0,211,10
8600000US13630,ZCTA5 13630,1515,1458,4,0,1515,1
8600000US13633,ZCTA5 13633,249,242,0,0,249,1
8600000US13634,ZCTA5 13634,3706,3626,25,0,3706,85
8600000US13635,ZCTA5 13635,1108,1087,2,0,1108,2
8600000US13636,ZCTA5 13636,237,226,2,4,237,4
8600000US13637,ZCTA5 13637,3720,2808,417,94,3720,766
8600000US13638,ZCTA5 13638,401,401,0,0,401,32
8600000US13639,ZCTA5 13639,172,169,0,0,172,2
8600000US13640,ZCTA5 13640,272,267,0,0,272,0
8600000US13641,ZCTA5 13641,38,38,0,0,38,0
8600000US13642,ZCTA5 13642,10055,8825,564,5,10055,525
8600000US13643,ZCTA5 13643,30,30,0,0,30,0
8600000US13646,ZCTA5 13646,1879,1814,4,13,1879,6
8600000US13647,ZCTA5 13647,89,87,0,0,89,2
8600000US13648,ZCTA5 13648,2056,2022,1,1,2056,8
8600000US13650,ZCTA5 13650,1559,1442,4,8,1559,87
8600000US13651,ZCTA5 13651,112,112,0,0,112,0
8600000US13652,ZCTA5 13652,1544,1477,0,8,1544,5
8600000US13654,ZCTA5 13654,2603,2576,10,2,2603,11
8600000US13655,ZCTA5 13655,3418,464,9,287,3418,0
8600000US13656,ZCTA5 13656,2834,2700,109,0,2834,33
8600000US13658,ZCTA5 13658,2414,2369,3,0,2414,30
8600000US13659,ZCTA5 13659,382,381,0,0,382,4
8600000US13660,ZCTA5 13660,1641,1574,4,6,1641,40
8600000US13661,ZCTA5 13661,1609,1549,7,0,1609,56
8600000US13662,ZCTA5 13662,16179,15400,21,96,16179,148
8600000US13664,ZCTA5 13664,348,305,13,3,348,31
8600000US13665,ZCTA5 13665,626,612,14,0,626,0
8600000US13666,ZCTA5 13666,240,159,0,0,240,1
8600000US13667,ZCTA5 13667,2781,2747,18,0,2781,35
8600000US13668,ZCTA5 13668,3196,3087,19,37,3196,9
8600000US13669,ZCTA5 13669,15870,14011,897,198,15870,531
8600000US13670,ZCTA5 13670,476,457,0,3,476,7
8600000US13672,ZCTA5 13672,439,396,0,0,439,29
8600000US13673,ZCTA5 13673,2231,2033,67,11,2231,67
8600000US13674,ZCTA5 13674,191,191,0,0,191,0
8600000US13675,ZCTA5 13675,250,250,0,0,250,0
8600000US13676,ZCTA5 13676,16754,14893,696,411,16754,660
8600000US13677,ZCTA5 13677,6,6,0,0,6,0
8600000US13678,ZCTA5 13678,330,330,0,0,330,0
8600000US13679,ZCTA5 13679,1686,1667,0,0,1686,9
8600000US13680,ZCTA5 13680,1643,1634,7,0,1643,1
8600000US13681,ZCTA5 13681,1149,1126,3,2,1149,6
8600000US13682,ZCTA5 13682,654,644,0,10,654,0
8600000US13684,ZCTA5 13684,842,827,5,2,842,1
8600000US13685,ZCTA5 13685,2238,2134,3,19,2238,107
8600000US13687,ZCTA5 13687,458,453,0,0,458,0
8600000US13690,ZCTA5 13690,569,525,4,3,569,8
8600000US13691,ZCTA5 13691,3016,2736,26,14,3016,63
8600000US13692,ZCTA5 13692,155,155,0,0,155,0
8600000US13693,ZCTA5 13693,408,380,0,0,408,28
8600000US13694,ZCTA5 13694,1328,1298,0,0,1328,53
8600000US13695,ZCTA5 13695,152,152,0,0,152,0
8600000US13696,ZCTA5 13696,87,87,0,0,87,0
8600000US13697,ZCTA5 13697,1776,1688,0,22,1776,0
8600000US13730,ZCTA5 13730,2630,2583,26,0,2630,29
8600000US13731,ZCTA5 13731,946,902,0,6,946,13
8600000US13732,ZCTA5 13732,7602,7228,75,56,7602,208
8600000US13733,ZCTA5 13733,5112,4939,47,0,5112,87
8600000US13734,ZCTA5 13734,1828,1788,1,1,1828,22
8600000US13736,ZCTA5 13736,2086,2063,0,2,2086,6
8600000US13739,ZCTA5 13739,783,766,0,16,783,16
8600000US13740,ZCTA5 13740,483,432,5,24,483,7
8600000US13743,ZCTA5 13743,3630,3621,4,0,3630,7
8600000US13744,ZCTA5 13744,1307,1286,1,0,1307,0
8600000US13746,ZCTA5 13746,1578,1498,12,15,1578,0
8600000US13748,ZCTA5 13748,3766,3558,16,0,3766,390
8600000US13750,ZCTA5 13750,788,706,27,28,788,39
8600000US13751,ZCTA5 13751,189,189,0,0,189,0
8600000US13752,ZCTA5 13752,886,882,0,0,886,4
8600000US13753,ZCTA5 13753,5511,4878,249,111,5511,326
8600000US13754,ZCTA5 13754,2883,2739,23,21,2883,34
8600000US13755,ZCTA5 13755,982,961,0,0,982,7
8600000US13756,ZCTA5 13756,431,431,0,0,431,8
8600000US13757,ZCTA5 13757,1396,1396,0,0,1396,7
8600000US13760,ZCTA5 13760,42103,37233,1881,1045,42103,1404
8600000US13774,ZCTA5 13774,198,198,0,0,198,0
8600000US13775,ZCTA5 13775,1780,1760,7,0,1780,26
8600000US13776,ZCTA5 13776,507,453,0,13,507,0
8600000US13777,ZCTA5 13777,433,433,0,0,433,0
8600000US13778,ZCTA5 13778,5458,5245,28,16,5458,163
8600000US13780,ZCTA5 13780,708,686,0,0,708,0
8600000US13782,ZCTA5 13782,824,727,62,20,824,52
8600000US13783,ZCTA5 13783,2659,2474,73,2,2659,78
8600000US13784,ZCTA5 13784,215,215,0,0,215,23
8600000US13786,ZCTA5 13786,464,464,0,0,464,3
8600000US13787,ZCTA5 13787,3039,2937,1,15,3039,12
8600000US13788,ZCTA5 13788,899,858,6,10,899,4
8600000US13790,ZCTA5 13790,17763,14515,1009,1165,17763,860
8600000US13794,ZCTA5 13794,75,68,0,0,75,0
8600000US13795,ZCTA5 13795,3093,2602,211,59,3093,372
8600000US13796,ZCTA5 13796,1063,1026,20,0,1063,26
8600000US13797,ZCTA5 13797,2262,2184,4,0,2262,1
8600000US13801,ZCTA5 13801,1457,1386,10,9,1457,38
8600000US13802,ZCTA5 13802,964,864,0,0,964,100
8600000US13803,ZCTA5 13803,4131,4006,12,21,4131,60
8600000US13804,ZCTA5 13804,332,326,0,0,332,0
8600000US13806,ZCTA5 13806,224,201,0,17,224,0
8600000US13807,ZCTA5 13807,1214,1165,25,12,1214,10
8600000US13808,ZCTA5 13808,1524,1485,1,3,1524,57
8600000US13809,ZCTA5 13809,1761,1761,0,0,1761,1
8600000US13810,ZCTA5 13810,1362,1340,0,9,1362,31
8600000US13811,ZCTA5 13811,3988,3735,30,71,3988,18
8600000US13812,ZCTA5 13812,2258,2222,0,0,2258,5
8600000US13813,ZCTA5 13813,1368,1295,0,0,1368,0
8600000US13815,ZCTA5 13815,12901,11918,182,144,12901,389
8600000US13820,ZCTA5 13820,22157,19482,1003,489,22157,1361
8600000US13825,ZCTA5 13825,2888,2796,13,18,2888,17
8600000US13826,ZCTA5 13826,0,0,0,0,0,0
8600000US13827,ZCTA5 13827,11538,11057,121,108,11538,377
8600000US13830,ZCTA5 13830,5119,4879,53,4,5119,163
8600000US13832,ZCTA5 13832,563,558,0,0,563,13
8600000US13833,ZCTA5 13833,3890,3704,0,38,3890,41
8600000US13834,ZCTA5 13834,279,255,24,0,279,0
8600000US13835,ZCTA5 13835,1310,1284,0,0,1310,1
8600000US13838,ZCTA5 13838,3873,3466,85,19,3873,176
8600000US13839,ZCTA5 13839,1251,1198,0,5,1251,35
8600000US13841,ZCTA5 13841,561,545,9,0,561,13
8600000US13842,ZCTA5 13842,627,492,63,11,627,31
8600000US13843,ZCTA5 13843,2241,2186,0,0,2241,32
8600000US13844,ZCTA5 13844,674,638,10,0,674,3
8600000US13845,ZCTA5 13845,147,147,0,0,147,0
8600000US13846,ZCTA5 13846,475,465,2,8,475,0
8600000US13847,ZCTA5 13847,58,58,0,0,58,0
8600000US13849,ZCTA5 13849,4449,4262,14,0,4449,96
8600000US13850,ZCTA5 13850,22392,18264,767,2591,22392,751
8600000US13856,ZCTA5 13856,5999,5822,105,0,5999,111
8600000US13859,ZCTA5 13859,99,99,0,0,99,0
8600000US13860,ZCTA5 13860,22,22,0,0,22,0
8600000US13861,ZCTA5 13861,379,370,0,0,379,0
8600000US13862,ZCTA5 13862,4053,3957,17,7,4053,83
8600000US13863,ZCTA5 13863,681,615,14,40,681,7
8600000US13864,ZCTA5 13864,1181,1018,35,0,1181,117
8600000US13865,ZCTA5 13865,6203,6117,52,0,6203,109
8600000US13901,ZCTA5 13901,18786,15834,975,465,18786,892
8600000US13902,ZCTA5 13902,6162,4869,256,804,6162,477
8600000US13903,ZCTA5 13903,17905,14726,1547,189,17905,903
8600000US13904,ZCTA5 13904,9789,8032,1118,220,9789,319
8600000US13905,ZCTA5 13905,26151,19644,2329,1952,26151,1768
8600000US14001,ZCTA5 14001,9324,8947,54,30,9324,111
8600000US14004,ZCTA5 14004,12240,11009,973,83,12240,248
8600000US14005,ZCTA5 14005,2312,2136,6,0,2312,155
8600000US14006,ZCTA5 14006,9823,9418,82,52,9823,254
8600000US14008,ZCTA5 14008,1547,1292,53,2,1547,89
8600000US14009,ZCTA5 14009,5625,5534,12,47,5625,151
8600000US14011,ZCTA5 14011,8864,7281,1110,14,8864,651
8600000US14012,ZCTA5 14012,2374,2047,82,37,2374,79
8600000US14013,ZCTA5 14013,1680,1177,21,22,1680,4
8600000US14020,ZCTA5 14020,22060,19470,898,333,22060,888
8600000US14024,ZCTA5 14024,1408,1352,12,28,1408,4
8600000US14025,ZCTA5 14025,3784,3602,8,0,3784,43
8600000US14026,ZCTA5 14026,568,568,0,0,568,24
8600000US14028,ZCTA5 14028,1571,1559,5,0,1571,1
8600000US14030,ZCTA5 14030,1882,1856,2,0,1882,48
8600000US14031,ZCTA5 14031,10158,9522,165,59,10158,260
8600000US14032,ZCTA5 14032,10084,9829,26,83,10084,69
8600000US14033,ZCTA5 14033,1344,1309,28,0,1344,113
8600000US14034,ZCTA5 14034,2428,1749,483,4,2428,227
8600000US14035,ZCTA5 14035,127,127,0,0,127,0
8600000US14036,ZCTA5 14036,5588,5398,107,3,5588,19
8600000US14037,ZCTA5 14037,897,897,0,0,897,4
8600000US14039,ZCTA5 14039,57,57,0,0,57,0
8600000US14040,ZCTA5 14040,1719,1719,0,0,1719,24
8600000US14041,ZCTA5 14041,180,178,0,0,180,0
8600000US14042,ZCTA5 14042,4359,4191,0,42,4359,89
8600000US14043,ZCTA5 14043,25058,23430,721,149,25058,621
8600000US14047,ZCTA5 14047,6525,6330,61,0,6525,191
8600000US14048,ZCTA5 14048,14414,11547,1066,80,14414,3761
8600000US14051,ZCTA5 14051,19178,15936,737,1966,19178,411
8600000US14052,ZCTA5 14052,17664,17053,106,99,17664,537
8600000US14054,ZCTA5 14054,1554,1317,0,0,1554,175
8600000US14055,ZCTA5 14055,1337,1317,0,0,1337,5
8600000US14057,ZCTA5 14057,8192,7885,14,81,8192,207
8600000US14058,ZCTA5 14058,2160,1914,26,0,2160,181
8600000US14059,ZCTA5 14059,10446,9954,352,41,10446,39
8600000US14060,ZCTA5 14060,478,478,0,0,478,0
8600000US14061,ZCTA5 14061,345,317,0,0,345,9
8600000US14062,ZCTA5 14062,3331,3195,17,29,3331,148
8600000US14063,ZCTA5 14063,13891,12097,600,220,13891,1113
8600000US14065,ZCTA5 14065,1705,1656,0,11,1705,5
8600000US14066,ZCTA5 14066,1188,1181,0,0,1188,1
8600000US14067,ZCTA5 14067,4971,4568,176,0,4971,207
8600000US14068,ZCTA5 14068,7169,5814,382,697,7169,150
8600000US14069,ZCTA5 14069,642,631,1,0,642,2
8600000US14070,ZCTA5 14070,6958,5272,738,10,6958,553
8600000US14072,ZCTA5 14072,21287,19688,473,390,21287,572
8600000US14075,ZCTA5 14075,42958,41564,464,181,42958,793
8600000US14080,ZCTA5 14080,4323,4238,34,0,4323,15
8600000US14081,ZCTA5 14081,2844,1661,50,43,2844,47
8600000US14082,ZCTA5 14082,498,493,0,0,498,0
8600000US14085,ZCTA5 14085,7605,7250,55,60,7605,72
8600000US14086,ZCTA5 14086,32653,31510,452,207,32653,760
8600000US14091,ZCTA5 14091,1422,891,40,13,1422,121
8600000US14092,ZCTA5 14092,10819,10062,118,123,10819,222
8600000US14094,ZCTA5 14094,49792,43170,2999,460,49792,1835
8600000US14098,ZCTA5 14098,3028,2833,25,0,3028,117
8600000US14101,ZCTA5 14101,1718,1693,0,0,1718,54
8600000US14102,ZCTA5 14102,1367,1216,0,0,1367,46
8600000US14103,ZCTA5 14103,10448,9115,568,96,10448,484
8600000US14105,ZCTA5 14105,4745,4557,49,3,4745,143
8600000US14108,ZCTA5 14108,5196,4968,40,6,5196,31
8600000US14109,ZCTA5 14109,1089,810,66,38,1089,116
8600000US14111,ZCTA5 14111,3146,3013,30,20,3146,28
8600000US14112,ZCTA5 14112,118,118,0,0,118,0
8600000US14113,ZCTA5 14113,488,488,0,0,488,6
8600000US14120,ZCTA5 14120,43738,41735,509,192,43738,530
8600000US14125,ZCTA5 14125,3514,3325,38,6,3514,68
8600000US14126,ZCTA5 14126,661,661,0,0,661,12
8600000US14127,ZCTA5 14127,29964,28461,354,296,29964,527
8600000US14129,ZCTA5 14129,1519,1219,20,10,1519,26
8600000US14130,ZCTA5 14130,231,228,3,0,231,7
8600000US14131,ZCTA5 14131,5056,4828,87,3,5056,17
8600000US14132,ZCTA5 14132,5999,5285,28,109,5999,68
8600000US14134,ZCTA5 14134,99,99,0,0,99,8
8600000US14135,ZCTA5 14135,95,93,0,0,95,0
8600000US14136,ZCTA5 14136,4574,4443,41,0,4574,102
8600000US14138,ZCTA5 14138,1786,1627,11,0,1786,156
8600000US14139,ZCTA5 14139,2020,1993,1,1,2020,4
8600000US14141,ZCTA5 14141,7534,7382,44,16,7534,137
8600000US14143,ZCTA5 14143,938,776,37,0,938,44
8600000US14145,ZCTA5 14145,1456,1357,5,0,1456,68
8600000US14150,ZCTA5 14150,41144,37082,1149,951,41144,1676
8600000US14167,ZCTA5 14167,1788,1632,3,0,1788,0
8600000US14168,ZCTA5 14168,29,29,0,0,29,0
8600000US14169,ZCTA5 14169,99,99,0,0,99,0
8600000US14170,ZCTA5 14170,2350,2350,0,0,2350,0
8600000US14171,ZCTA5 14171,2029,1903,15,0,2029,36
8600000US14172,ZCTA5 14172,2781,2573,0,8,2781,21
8600000US14173,ZCTA5 14173,166,166,0,0,166,0
8600000US14174,ZCTA5 14174,5843,5628,36,21,5843,89
8600000US14201,ZCTA5 14201,11192,5429,2530,185,11192,4419
8600000US14202,ZCTA5 14202,3749,2246,1071,68,3749,633
8600000US14203,ZCTA5 14203,1819,709,676,132,1819,343
8600000US14204,ZCTA5 14204,8003,1681,5869,66,8003,890
8600000US14206,ZCTA5 14206,20064,15074,2229,658,20064,1552
8600000US14207,ZCTA5 14207,23773,11353,3825,2998,23773,5212
8600000US14208,ZCTA5 14208,10346,1367,8133,449,10346,275
8600000US14209,ZCTA5 14209,7807,3829,3352,192,7807,659
8600000US14210,ZCTA5 14210,14148,11766,988,159,14148,1345
8600000US14211,ZCTA5 14211,22206,3189,14319,2818,22206,1439
8600000US14212,ZCTA5 14212,10973,4690,3506,1490,10973,1009
8600000US14213,ZCTA5 14213,22132,10554,4575,2816,22132,5007
8600000US14214,ZCTA5 14214,19754,9932,6153,1862,19754,1309
8600000US14215,ZCTA5 14215,41340,6639,30027,1462,41340,1902
8600000US14216,ZCTA5 14216,21464,16110,3007,318,21464,2272
8600000US14217,ZCTA5 14217,23017,20220,1246,247,23017,756
8600000US14218,ZCTA5 14218,18935,14986,2419,68,18935,1449
8600000US14219,ZCTA5 14219,11391,10743,90,0,11391,612
8600000US14220,ZCTA5 14220,22641,19814,875,346,22641,2496
8600000US14221,ZCTA5 14221,53727,46465,1715,4085,53727,1262
8600000US14222,ZCTA5 14222,15103,11087,2185,665,15103,1143
8600000US14223,ZCTA5 14223,21734,19608,1256,207,21734,992
8600000US14224,ZCTA5 14224,40903,39408,663,110,40903,820
8600000US14225,ZCTA5 14225,33360,25702,4878,836,33360,1300
8600000US14226,ZCTA5 14226,29920,22910,2973,1885,29920,1670
8600000US14227,ZCTA5 14227,20540,18490,1423,430,20540,674
8600000US14228,ZCTA5 14228,23406,16858,1761,3598,23406,1621
8600000US14261,ZCTA5 14261,5557,3014,755,1204,5557,690
8600000US14301,ZCTA5 14301,11838,7745,3055,68,11838,788
8600000US14302,ZCTA5 14302,255,104,146,5,255,0
8600000US14303,ZCTA5 14303,5652,3654,968,161,5652,573
8600000US14304,ZCTA5 14304,29001,25854,939,592,29001,977
8600000US14305,ZCTA5 14305,17026,10508,5007,118,17026,929
8600000US14411,ZCTA5 14411,13671,11520,1540,90,13671,503
8600000US14414,ZCTA5 14414,6797,6542,46,91,6797,97
8600000US14415,ZCTA5 14415,124,102,0,0,124,0
8600000US14416,ZCTA5 14416,3611,3507,30,19,3611,28
8600000US14418,ZCTA5 14418,932,930,0,0,932,15
8600000US14420,ZCTA5 14420,21124,18575,798,379,21124,2060
8600000US14422,ZCTA5 14422,2074,1959,26,7,2074,75
8600000US14423,ZCTA5 14423,4479,3957,126,62,4479,228
8600000US14424,ZCTA5 14424,28055,26551,342,141,28055,1321
8600000US14425,ZCTA5 14425,12230,11155,581,172,12230,525
8600000US14427,ZCTA5 14427,2073,1812,166,0,2073,18
8600000US14428,ZCTA5 14428,7278,7085,71,35,7278,78
8600000US14432,ZCTA5 14432,5277,5198,19,3,5277,281
8600000US14433,ZCTA5 14433,3920,3763,74,1,3920,69
8600000US14435,ZCTA5 14435,2327,2228,19,6,2327,2
8600000US14437,ZCTA5 14437,11274,9796,918,15,11274,581
8600000US14441,ZCTA5 14441,301,293,0,1,301,15
8600000US14445,ZCTA5 14445,7761,6642,670,20,7761,540
8600000US14450,ZCTA5 14450,42513,38760,783,1514,42513,1612
8600000US14454,ZCTA5 14454,11237,10087,347,369,11237,667
8600000US14456,ZCTA5 14456,19539,15949,1159,555,19539,2236
8600000US14462,ZCTA5 14462,718,694,0,0,718,3
8600000US14464,ZCTA5 14464,7419,7222,69,6,7419,74
8600000US14466,ZCTA5 14466,1526,1488,0,0,1526,0
8600000US14467,ZCTA5 14467,9909,7980,908,643,9909,353
8600000US14468,ZCTA5 14468,17994,17097,433,32,17994,826
8600000US14469,ZCTA5 14469,5646,5489,44,15,5646,50
8600000US14470,ZCTA5 14470,7331,6911,138,81,7331,443
8600000US14471,ZCTA5 14471,2385,2142,162,10,2385,20
8600000US14472,ZCTA5 14472,9271,8927,48,29,9271,105
8600000US14475,ZCTA5 14475,287,270,0,10,287,34
8600000US14476,ZCTA5 14476,2270,2103,11,0,2270,234
8600000US14477,ZCTA5 14477,1460,1411,28,0,1460,0
8600000US14478,ZCTA5 14478,1577,1411,52,47,1577,75
8600000US14479,ZCTA5 14479,140,140,0,0,140,0
8600000US14480,ZCTA5 14480,904,867,30,0,904,7
8600000US14481,ZCTA5 14481,1906,1814,8,20,1906,7
8600000US14482,ZCTA5 14482,8230,7954,91,63,8230,252
8600000US14485,ZCTA5 14485,3976,3786,17,68,3976,210
8600000US14486,ZCTA5 14486,462,462,0,0,462,0
8600000US14487,ZCTA5 14487,5997,5631,6,73,5997,62
8600000US14489,ZCTA5 14489,7065,6049,478,0,7065,396
8600000US14502,ZCTA5 14502,10551,9753,129,371,10551,212
8600000US14504,ZCTA5 14504,1593,1537,2,25,1593,17
8600000US14505,ZCTA5 14505,5277,4989,99,0,5277,137
8600000US14506,ZCTA5 14506,939,930,0,0,939,0
8600000US14507,ZCTA5 14507,894,843,27,5,894,12
8600000US14510,ZCTA5 14510,4571,4093,223,0,4571,389
8600000US14511,ZCTA5 14511,399,328,12,0,399,28
8600000US14512,ZCTA5 14512,4542,4411,10,59,4542,31
8600000US14513,ZCTA5 14513,13749,11826,512,153,13749,1416
8600000US14514,ZCTA5 14514,6293,5476,411,74,6293,80
8600000US14516,ZCTA5 14516,2338,2180,55,37,2338,136
8600000US14517,ZCTA5 14517,2846,2802,42,0,2846,55
8600000US14519,ZCTA5 14519,11537,10693,51,56,11537,207
8600000US14521,ZCTA5 14521,3077,2626,338,0,3077,111
8600000US14522,ZCTA5 14522,9559,9260,51,43,9559,307
8600000US14525,ZCTA5 14525,2524,2437,27,0,2524,60
8600000US14526,ZCTA5 14526,19001,17394,385,651,19001,857
8600000US14527,ZCTA5 14527,12835,12330,108,101,12835,325
8600000US14529,ZCTA5 14529,12,12,0,0,12,0
8600000US14530,ZCTA5 14530,5500,4817,371,55,5500,264
8600000US14532,ZCTA5 14532,3998,3898,3,0,3998,128
8600000US14533,ZCTA5 14533,2254,2135,8,3,2254,74
8600000US14534,ZCTA5 14534,31975,26809,900,2616,31975,1487
8600000US14536,ZCTA5 14536,599,577,0,6,599,0
8600000US14537,ZCTA5 14537,160,160,0,0,160,0
8600000US14539,ZCTA5 14539,60,60,0,0,60,0
8600000US14541,ZCTA5 14541,4584,3253,977,4,4584,369
8600000US14542,ZCTA5 14542,80,80,0,0,80,15
8600000US14543,ZCTA5 14543,3145,2923,117,40,3145,45
8600000US14544,ZCTA5 14544,2280,2242,7,0,2280,97
8600000US14545,ZCTA5 14545,227,205,18,0,227,0
8600000US14546,ZCTA5 14546,4614,4312,201,17,4614,150
8600000US14548,ZCTA5 14548,4132,3893,18,0,4132,156
8600000US14549,ZCTA5 14549,65,65,0,0,65,0
8600000US14550,ZCTA5 14550,1256,1203,29,12,1256,3
8600000US14551,ZCTA5 14551,5392,4741,391,37,5392,392
8600000US14555,ZCTA5 14555,1048,938,53,0,1048,15
8600000US14559,ZCTA5 14559,18584,17877,239,108,18584,661
8600000US14560,ZCTA5 14560,2320,2186,1,2,2320,68
8600000US14561,ZCTA5 14561,2815,2799,0,0,2815,141
8600000US14564,ZCTA5 14564,15359,14197,269,461,15359,146
8600000US14568,ZCTA5 14568,6241,5925,11,23,6241,276
8600000US14569,ZCTA5 14569,5910,5529,173,20,5910,55
8600000US14571,ZCTA5 14571,1314,1179,85,0,1314,16
8600000US14572,ZCTA5 14572,5017,4626,30,0,5017,200
8600000US14580,ZCTA5 14580,53593,48519,1407,1711,53593,1786
8600000US14585,ZCTA5 14585,50,50,0,0,50,13
8600000US14586,ZCTA5 14586,11848,8185,1207,2127,11848,286
8600000US14588,ZCTA5 14588,191,120,0,0,191,0
8600000US14589,ZCTA5 14589,7502,6858,206,4,7502,487
8600000US14590,ZCTA5 14590,5420,5079,63,22,5420,152
8600000US14591,ZCTA5 14591,1556,1399,0,0,1556,105
8600000US14592,ZCTA5 14592,48,48,0,0,48,0
8600000US14604,ZCTA5 14604,2536,1811,378,190,2536,151
8600000US14605,ZCTA5 14605,11457,3176,5842,571,11457,3852
8600000US14606,ZCTA5 14606,27711,17891,6071,1036,27711,4082
8600000US14607,ZCTA5 14607,16880,13615,1799,513,16880,1390
8600000US14608,ZCTA5 14608,11260,3443,6123,511,11260,1432
8600000US14609,ZCTA5 14609,40081,20675,13704,332,40081,6887
8600000US14610,ZCTA5 14610,13373,11440,865,364,13373,706
8600000US14611,ZCTA5 14611,17429,4618,10491,298,17429,2571
8600000US14612,ZCTA5 14612,34316,29075,2530,541,34316,2242
8600000US14613,ZCTA5 14613,15375,4932,8008,923,15375,3131
8600000US14614,ZCTA5 14614,1151,469,621,10,1151,267
8600000US14615,ZCTA5 14615,16812,10353,4008,1228,16812,2058
8600000US14616,ZCTA5 14616,26935,21504,3138,480,26935,2328
8600000US14617,ZCTA5 14617,21985,19448,1100,261,21985,1578
8600000US14618,ZCTA5 14618,23252,18985,1211,1805,23252,874
8600000US14619,ZCTA5 14619,13788,3349,9566,59,13788,930
8600000US14620,ZCTA5 14620,23912,16778,3317,1985,23912,1788
8600000US14621,ZCTA5 14621,33757,12516,14432,345,33757,13252
8600000US14622,ZCTA5 14622,12906,10761,1052,449,12906,1507
8600000US14623,ZCTA5 14623,24720,17431,2725,3363,24720,1367
8600000US14624,ZCTA5 14624,37873,31162,4051,824,37873,1887
8600000US14625,ZCTA5 14625,10051,9345,80,185,10051,284
8600000US14626,ZCTA5 14626,29941,25607,1987,797,29941,2081
8600000US14627,ZCTA5 14627,2280,1581,246,337,2280,191
8600000US14701,ZCTA5 14701,39214,35344,995,101,39214,3108
8600000US14706,ZCTA5 14706,6110,5639,98,77,6110,53
8600000US14707,ZCTA5 14707,90,87,0,0,90,0
8600000US14708,ZCTA5 14708,239,233,0,0,239,4
8600000US14709,ZCTA5 14709,1421,1386,2,20,1421,25
8600000US14710,ZCTA5 14710,3244,3187,0,32,3244,22
8600000US14711,ZCTA5 14711,1874,1793,1,15,1874,9
8600000US14712,ZCTA5 14712,3051,3043,0,0,3051,0
8600000US14714,ZCTA5 14714,604,599,0,0,604,0
8600000US14715,ZCTA5 14715,2585,2532,3,11,2585,32
8600000US14716,ZCTA5 14716,2640,2019,257,19,2640,363
8600000US14717,ZCTA5 14717,394,385,0,0,394,2
8600000US14718,ZCTA5 14718,1899,1621,198,10,1899,59
8600000US14719,ZCTA5 14719,3283,3138,8,5,3283,83
8600000US14720,ZCTA5 14720,749,675,0,0,749,39
8600000US14721,ZCTA5 14721,160,160,0,0,160,7
8600000US14722,ZCTA5 14722,214,154,26,0,214,12
8600000US14723,ZCTA5 14723,1098,1093,0,0,1098,20
8600000US14724,ZCTA5 14724,2723,2644,5,7,2723,28
8600000US14726,ZCTA5 14726,1980,1950,0,0,1980,4
8600000US14727,ZCTA5 14727,5385,5284,4,18,5385,60
8600000US14728,ZCTA5 14728,1056,1018,0,0,1056,7
8600000US14729,ZCTA5 14729,990,987,2,0,990,3
8600000US14731,ZCTA5 14731,1291,1244,0,0,1291,5
8600000US14732,ZCTA5 14732,180,180,0,0,180,0
8600000US14733,ZCTA5 14733,3655,3528,35,1,3655,37
8600000US14735,ZCTA5 14735,2900,2860,0,0,2900,34
8600000US14736,ZCTA5 14736,188,188,0,0,188,0
8600000US14737,ZCTA5 14737,4272,4050,7,4,4272,224
8600000US14738,ZCTA5 14738,3319,3297,22,0,3319,56
8600000US14739,ZCTA5 14739,2421,2383,16,0,2421,2
8600000US14740,ZCTA5 14740,1032,1014,0,0,1032,4
8600000US14741,ZCTA5 14741,1796,1758,0,8,1796,3
8600000US14742,ZCTA5 14742,244,235,5,0,244,4
8600000US14743,ZCTA5 14743,1938,1754,115,7,1938,23
8600000US14744,ZCTA5 14744,2103,1893,87,87,2103,52
8600000US14747,ZCTA5 14747,2015,1987,5,0,2015,5
8600000US14748,ZCTA5 14748,548,382,0,3,548,0
8600000US14750,ZCTA5 14750,4277,4080,4,39,4277,228
8600000US14752,ZCTA5 14752,339,339,0,0,339,0
8600000US14753,ZCTA5 14753,1182,1151,3,0,1182,6
8600000US14754,ZCTA5 14754,533,531,0,0,533,1
8600000US14755,ZCTA5 14755,3146,2890,91,0,3146,61
8600000US14756,ZCTA5 14756,28,28,0,0,28,0
8600000US14757,ZCTA5 14757,3371,3084,100,10,3371,85
8600000US14760,ZCTA5 14760,17567,16158,464,237,17567,260
8600000US14767,ZCTA5 14767,2224,2222,0,2,2224,22
8600000US14769,ZCTA5 14769,996,988,2,0,996,40
8600000US14770,ZCTA5 14770,2761,2686,2,8,2761,27
8600000US14772,ZCTA5 14772,3995,3848,37,0,3995,45
8600000US14774,ZCTA5 14774,137,128,0,0,137,9
8600000US14775,ZCTA5 14775,2520,2468,4,14,2520,142
8600000US14777,ZCTA5 14777,673,636,0,16,673,11
8600000US14778,ZCTA5 14778,1349,1052,144,68,1349,114
8600000US14779,ZCTA5 14779,6537,4623,97,35,6537,295
8600000US14781,ZCTA5 14781,1782,1701,0,7,1782,49
8600000US14782,ZCTA5 14782,2272,2184,37,9,2272,17
8600000US14783,ZCTA5 14783,306,134,5,23,306,0
8600000US14784,ZCTA5 14784,938,938,0,0,938,0
8600000US14787,ZCTA5 14787,4759,4407,4,99,4759,226
8600000US14788,ZCTA5 14788,28,25,1,0,28,1
8600000US14801,ZCTA5 14801,5234,5137,14,0,5234,24
8600000US14802,ZCTA5 14802,4171,3288,445,196,4171,367
8600000US14803,ZCTA5 14803,782,749,9,14,782,17
8600000US14804,ZCTA5 14804,1739,1646,0,29,1739,7
8600000US14805,ZCTA5 14805,958,947,0,0,958,0
8600000US14806,ZCTA5 14806,2060,2050,0,0,2060,11
8600000US14807,ZCTA5 14807,3070,2947,6,7,3070,133
8600000US14808,ZCTA5 14808,514,493,0,0,514,13
8600000US14809,ZCTA5 14809,2676,2517,22,8,2676,58
8600000US14810,ZCTA5 14810,11673,10792,614,37,11673,161
8600000US14812,ZCTA5 14812,3200,3038,5,8,3200,151
8600000US14813,ZCTA5 14813,2264,2100,123,4,2264,47
8600000US14814,ZCTA5 14814,1883,1805,11,60,1883,0
8600000US14815,ZCTA5 14815,776,755,0,0,776,5
8600000US14816,ZCTA5 14816,544,478,0,38,544,131
8600000US14817,ZCTA5 14817,2508,2127,68,49,2508,66
8600000US14818,ZCTA5 14818,2029,1958,0,18,2029,44
8600000US14819,ZCTA5 14819,696,675,0,8,696,6
8600000US14820,ZCTA5 14820,807,767,0,0,807,8
8600000US14821,ZCTA5 14821,3141,3062,9,33,3141,63
8600000US14822,ZCTA5 14822,947,930,0,16,947,24
8600000US14823,ZCTA5 14823,3467,3258,18,150,3467,20
8600000US14824,ZCTA5 14824,639,633,0,0,639,0
8600000US14825,ZCTA5 14825,784,772,1,5,784,0
8600000US14826,ZCTA5 14826,2271,2186,19,0,2271,10
8600000US14827,ZCTA5 14827,146,146,0,0,146,0
8600000US14830,ZCTA5 14830,19138,18032,400,344,19138,323
8600000US14836,ZCTA5 14836,931,887,0,0,931,0
8600000US14837,ZCTA5 14837,5947,5726,75,10,5947,33
8600000US14838,ZCTA5 14838,2039,1997,3,16,2039,0
8600000US14839,ZCTA5 14839,881,879,0,0,881,0
8600000US14840,ZCTA5 14840,2730,2630,28,0,2730,64
8600000US14841,ZCTA5 14841,665,639,0,0,665,0
8600000US14842,ZCTA5 14842,1111,1111,0,0,1111,0
8600000US14843,ZCTA5 14843,12447,11603,184,161,12447,393
8600000US14845,ZCTA5 14845,20401,17998,667,818,20401,360
8600000US14846,ZCTA5 14846,966,960,1,0,966,3
8600000US14847,ZCTA5 14847,2375,2262,12,12,2375,48
8600000US14850,ZCTA5 14850,64224,46874,2910,9164,64224,4025
8600000US14853,ZCTA5 14853,2663,1867,323,176,2663,404
8600000US14854,ZCTA5 14854,14,14,0,0,14,0
8600000US14855,ZCTA5 14855,785,753,0,20,785,10
8600000US14856,ZCTA5 14856,275,275,0,0,275,0
8600000US14858,ZCTA5 14858,1232,1148,0,1,1232,2
8600000US14859,ZCTA5 14859,1076,1039,0,0,1076,4
8600000US14860,ZCTA5 14860,1132,1088,7,10,1132,6
8600000US14861,ZCTA5 14861,1153,1153,0,0,1153,0
8600000US14864,ZCTA5 14864,961,922,0,2,961,41
8600000US14865,ZCTA5 14865,2784,2682,50,0,2784,17
8600000US14867,ZCTA5 14867,5431,5261,87,0,5431,70
8600000US14869,ZCTA5 14869,1276,1270,0,0,1276,29
8600000US14870,ZCTA5 14870,10202,9088,256,605,10202,77
8600000US14871,ZCTA5 14871,5081,4736,196,0,5081,131
8600000US14872,ZCTA5 14872,547,516,0,0,547,50
8600000US14873,ZCTA5 14873,2328,2104,5,93,2328,12
8600000US14874,ZCTA5 14874,260,258,2,0,260,0
8600000US14877,ZCTA5 14877,583,572,0,2,583,0
8600000US14878,ZCTA5 14878,536,530,0,0,536,12
8600000US14879,ZCTA5 14879,2257,2160,9,26,2257,9
8600000US14880,ZCTA5 14880,1847,1781,3,31,1847,26
8600000US14881,ZCTA5 14881,151,151,0,0,151,0
8600000US14882,ZCTA5 14882,3998,3738,37,79,3998,209
8600000US14883,ZCTA5 14883,4808,4416,217,97,4808,82
8600000US14884,ZCTA5 14884,284,284,0,0,284,3
8600000US14885,ZCTA5 14885,742,725,0,0,742,12
8600000US14886,ZCTA5 14886,6490,6265,108,6,6490,133
8600000US14889,ZCTA5 14889,1580,1542,7,5,1580,97
8600000US14891,ZCTA5 14891,4536,4224,54,109,4536,127
8600000US14892,ZCTA5 14892,7748,7334,154,42,7748,179
8600000US14893,ZCTA5 14893,0,0,0,0,0,0
8600000US14894,ZCTA5 14894,1051,1028,7,0,1051,5
8600000US14895,ZCTA5 14895,8957,8703,71,24,8957,26
8600000US14897,ZCTA5 14897,772,772,0,0,772,5
8600000US14898,ZCTA5 14898,1772,1751,0,0,1772,0
8600000US14901,ZCTA5 14901,15581,12217,2296,125,15581,621
8600000US14903,ZCTA5 14903,7186,6441,196,23,7186,262
8600000US14904,ZCTA5 14904,15109,12721,1382,2,15109,635
8600000US14905,ZCTA5 14905,8330,7431,215,172,8330,344