Data Year,County,ZIP Code,Numerator,Rate
2019,Suffolk,6390,0,0.0*
2019,New York,10001,337,1286.8
2019,New York,10002,215,258.7
2019,New York,10003,284,509.4
2019,New York,10004,7,181.2*
2019,New York,10005,6,62.0*
2019,New York,10006,s,s
2019,New York,10007,7,40.7*
2019,New York,10009,195,303.2
2019,New York,10010,61,185.5
2019,New York,10011,61,116.6
2019,New York,10012,60,254.6
2019,New York,10013,44,145.2
2019,New York,10014,27,84
2019,New York,10016,542,949.2
2019,New York,10017,31,178.7
2019,New York,10018,29,417.4
2019,New York,10019,221,500.8
2019,New York,10021,34,78.6
2019,New York,10022,26,76.8
2019,New York,10023,47,63.9
2019,New York,10024,44,74.7
2019,New York,10025,274,289.9
2019,New York,10026,122,339
2019,New York,10027,190,305.7
2019,New York,10028,41,86.7
2019,New York,10029,506,642.1
2019,New York,10030,135,502.9
2019,New York,10031,157,271.9
2019,New York,10032,335,566.3
2019,New York,10033,155,289.7
2019,New York,10034,94,238.5
2019,New York,10035,501,1365.1
2019,New York,10036,158,549.3
2019,New York,10037,99,515.3
2019,New York,10038,92,392
2019,New York,10039,112,411.2
2019,New York,10040,80,195.7
2019,New York,10044,8,55.7*
2019,New York,10065,35,110.4
2019,New York,10075,107,377.4
2019,New York,10128,41,67.3
2019,New York,10280,s,s
2019,Richmond,10301,169,416.7
2019,Richmond,10302,94,482.6
2019,Richmond,10303,81,289.8
2019,Richmond,10304,147,339.5
2019,Richmond,10305,147,351.2
2019,Richmond,10306,185,332.6
2019,Richmond,10307,85,580.4
2019,Richmond,10308,112,400.9
2019,Richmond,10309,114,317.6
2019,Richmond,10310,70,277.2
2019,Richmond,10312,222,376
2019,Richmond,10314,213,246.3
2019,Bronx,10451,356,700.5
2019,Bronx,10452,430,535.9
2019,Bronx,10453,490,582.1
2019,Bronx,10454,279,711.8
2019,Bronx,10455,226,514.6
2019,Bronx,10456,714,772.8
2019,Bronx,10457,816,1085.9
2019,Bronx,10458,480,579.4
2019,Bronx,10459,304,583.8
2019,Bronx,10460,438,732.5
2019,Bronx,10461,233,460.1
2019,Bronx,10462,187,224.3
2019,Bronx,10463,153,209.4
2019,Bronx,10464,12,269.2
2019,Bronx,10465,142,329.9
2019,Bronx,10466,164,233.2
2019,Bronx,10467,452,443.8
2019,Bronx,10468,366,466.7
2019,Bronx,10469,167,242.6
2019,Bronx,10470,36,235.4
2019,Bronx,10471,67,274.6
2019,Bronx,10472,269,393.1
2019,Bronx,10473,190,306.5
2019,Bronx,10474,176,763.3
2019,Bronx,10475,44,85.6
2019,Westchester,10501,s,s
2019,Westchester,10502,s,s
2019,Westchester,10504,6,70.8*
2019,Westchester,10505,s,s
2019,Westchester,10506,s,s
2019,Westchester,10507,18,279.5
2019,Putnam,10509,24,126.3
2019,Westchester,10510,8,75.7*
2019,Westchester,10511,9,366.2*
2019,Putnam,10512,35,137.3
2019,Westchester,10514,8,67.3*
2019,Putnam,10516,7,133.4*
2019,Westchester,10518,0,0.0*
2019,Westchester,10520,15,113.4
2019,Westchester,10522,12,103.8
2019,Westchester,10523,21,249.6
2019,Putnam,10524,19,449.9
2019,Westchester,10526,s,s
2019,Westchester,10527,0,0.0*
2019,Westchester,10528,37,303.3
2019,Westchester,10530,12,97.2
2019,Westchester,10532,14,274.7
2019,Westchester,10533,s,s
2019,Westchester,10535,s,s
2019,Westchester,10536,12,105.6
2019,Putnam,10537,13,514.2
2019,Westchester,10538,6,34.9*
2019,Putnam,10541,42,163
2019,Westchester,10543,36,171.9
2019,Westchester,10546,s,s
2019,Westchester,10547,13,148.5
2019,Westchester,10548,16,275.1
2019,Westchester,10549,18,104.3
2019,Westchester,10550,121,321.6
2019,Westchester,10552,29,146.2
2019,Westchester,10553,30,262.4
2019,Westchester,10560,11,214.6
2019,Westchester,10562,51,155.8
2019,Westchester,10566,91,373.1
2019,Westchester,10567,29,142.6
2019,Westchester,10570,11,86.8
2019,Westchester,10573,54,136.9
2019,Westchester,10576,s,s
2019,Westchester,10577,s,s
2019,Westchester,10578,0,0.0*
2019,Putnam,10579,15,170.7
2019,Westchester,10580,15,82.8
2019,Westchester,10583,18,46.1
2019,Westchester,10588,s,s
2019,Westchester,10589,12,136.8
2019,Westchester,10590,s,s
2019,Westchester,10591,37,161.1
2019,Westchester,10594,13,249.6
2019,Westchester,10595,52,683.6
2019,Westchester,10597,0,0.0*
2019,Westchester,10598,36,122.1
2019,Westchester,10601,49,413.8
2019,Westchester,10603,32,174
2019,Westchester,10604,11,93.2
2019,Westchester,10605,17,87.4
2019,Westchester,10606,27,154.9
2019,Westchester,10607,s,s
2019,Westchester,10701,415,640.4
2019,Westchester,10703,86,411.2
2019,Westchester,10704,108,357.3
2019,Westchester,10705,162,398.7
2019,Westchester,10706,s,s
2019,Westchester,10707,12,116
2019,Westchester,10708,17,75.5
2019,Westchester,10709,13,140.7
2019,Westchester,10710,73,279.9
2019,Westchester,10801,96,225.4
2019,Westchester,10803,13,101.4
2019,Westchester,10804,7,50.2*
2019,Westchester,10805,62,334.5
2019,Rockland,10901,71,290.2
2019,Rockland,10913,17,315.2
2019,Orange,10916,7,151.1*
2019,Orange,10917,s,s
2019,Orange,10918,18,151.3
2019,Orange,10919,s,s
2019,Rockland,10920,46,521.7
2019,Orange,10921,s,s
2019,Rockland,10923,34,363.8
2019,Orange,10924,20,146.3
2019,Orange,10925,19,423.3
2019,Orange,10926,7,204.9*
2019,Rockland,10927,62,473
2019,Orange,10928,30,507.9
2019,Orange,10930,15,161.6
2019,Rockland,10931,11,1031.9
2019,Orange,10940,180,358.6
2019,Orange,10941,67,474.2
2019,Orange,10950,73,141.3
2019,Rockland,10952,23,53.2
2019,Rockland,10954,46,191.7
2019,Rockland,10956,59,185.3
2019,Orange,10958,13,410.6
2019,Rockland,10960,36,233.6
2019,Rockland,10962,19,282.9
2019,Orange,10963,0,0.0*
2019,Rockland,10964,0,0.0*
2019,Rockland,10965,40,258.2
2019,Rockland,10968,s,s
2019,Orange,10969,0,0.0*
2019,Rockland,10970,52,506.5
2019,Orange,10973,6,242.7*
2019,Rockland,10974,18,511.1
2019,Orange,10975,0,0.0*
2019,Rockland,10976,0,0.0*
2019,Rockland,10977,51,77.4
2019,Rockland,10980,45,337.5
2019,Rockland,10983,s,s
2019,Rockland,10984,7,266.7*
2019,Orange,10985,s,s
2019,Rockland,10986,7,310.7*
2019,Orange,10987,6,185.6*
2019,Rockland,10989,26,280.1
2019,Orange,10990,57,276.8
2019,Orange,10992,15,155.4
2019,Rockland,10993,28,531.1
2019,Rockland,10994,17,241.4
2019,Orange,10996,s,s
2019,Orange,10998,s,s
2019,Nassau,11001,44,154.2
2019,Nassau,11003,67,161.5
2019,Queens,11004,15,113
2019,Queens,11005,0,0.0*
2019,Nassau,11010,43,179.4
2019,Nassau,11020,8,135.1*
2019,Nassau,11021,14,73.2
2019,Nassau,11023,s,s
2019,Nassau,11024,s,s
2019,Nassau,11030,10,55.3
2019,Nassau,11040,38,91.2
2019,Nassau,11042,0,0.0*
2019,Nassau,11050,40,125.8
2019,Nassau,11096,12,141.5
2019,Queens,11101,92,293.9
2019,Queens,11102,59,157.6
2019,Queens,11103,25,65
2019,Queens,11104,23,81
2019,Queens,11105,65,174.5
2019,Queens,11106,48,118.7
2019,Queens,11109,0,0.0*
2019,Kings,11201,147,248.7
2019,Kings,11203,217,275.9
2019,Kings,11204,128,156.5
2019,Kings,11205,80,173.2
2019,Kings,11206,286,309.2
2019,Kings,11207,329,322.4
2019,Kings,11208,248,244.3
2019,Kings,11209,179,255.8
2019,Kings,11210,59,88
2019,Kings,11211,195,188.2
2019,Kings,11212,260,290.8
2019,Kings,11213,195,295.1
2019,Kings,11214,243,265.9
2019,Kings,11215,109,161.6
2019,Kings,11216,280,488.3
2019,Kings,11217,117,318
2019,Kings,11218,124,159.6
2019,Kings,11219,175,184.5
2019,Kings,11220,283,274.3
2019,Kings,11221,261,298.2
2019,Kings,11222,115,291.4
2019,Kings,11223,255,313
2019,Kings,11224,200,403.6
2019,Kings,11225,58,97.3
2019,Kings,11226,132,126
2019,Kings,11228,98,228.3
2019,Kings,11229,229,280.7
2019,Kings,11230,180,216.7
2019,Kings,11231,91,255.8
2019,Kings,11232,70,230.2
2019,Kings,11233,379,520.2
2019,Kings,11234,142,158.7
2019,Kings,11235,358,427.3
2019,Kings,11236,111,114.7
2019,Kings,11237,155,291.2
2019,Kings,11238,99,185.5
2019,Kings,11239,23,151.3
2019,Queens,11354,53,86.2
2019,Queens,11355,42,47.4
2019,Queens,11356,25,98.1
2019,Queens,11357,85,206.9
2019,Queens,11358,27,69.4
2019,Queens,11359,0,0.0*
2019,Queens,11360,20,100.9
2019,Queens,11361,33,110.8
2019,Queens,11362,17,88.1
2019,Queens,11363,9,121.0*
2019,Queens,11364,27,74.5
2019,Queens,11365,70,160.5
2019,Queens,11366,23,163.6
2019,Queens,11367,37,84.6
2019,Queens,11368,102,85.4
2019,Queens,11369,34,87.2
2019,Queens,11370,84,272.9
2019,Queens,11372,53,77.6
2019,Queens,11373,75,70
2019,Queens,11374,40,87
2019,Queens,11375,80,110.8
2019,Queens,11377,79,84.8
2019,Queens,11378,51,140.4
2019,Queens,11379,54,144.8
2019,Queens,11385,171,166.3
2019,Queens,11411,19,103
2019,Queens,11412,37,104.6
2019,Queens,11413,44,109.1
2019,Queens,11414,62,226.8
2019,Queens,11415,10,47.9
2019,Queens,11416,69,262.4
2019,Queens,11417,66,221.4
2019,Queens,11418,74,194.2
2019,Queens,11419,59,123.7
2019,Queens,11420,55,117.1
2019,Queens,11421,64,156.1
2019,Queens,11422,43,130.8
2019,Queens,11423,75,248.1
2019,Queens,11426,22,111.3
2019,Queens,11427,33,140
2019,Queens,11428,17,88.4
2019,Queens,11429,23,89.9
2019,Queens,11432,105,159.4
2019,Queens,11433,50,138.3
2019,Queens,11434,153,245.4
2019,Queens,11435,122,217.3
2019,Queens,11436,26,138.9
2019,Nassau,11501,38,190.3
2019,Nassau,11507,8,109.8*
2019,Nassau,11509,s,s
2019,Nassau,11510,40,118.6
2019,Nassau,11514,s,s
2019,Nassau,11516,s,s
2019,Nassau,11518,17,156.5
2019,Nassau,11520,130,297.9
2019,Nassau,11530,13,46
2019,Nassau,11542,57,199.5
2019,Nassau,11545,7,49.2*
2019,Nassau,11548,s,s
2019,Nassau,11550,164,276.6
2019,Nassau,11552,35,144.6
2019,Nassau,11553,22,77.6
2019,Nassau,11554,117,300.7
2019,Nassau,11557,12,146.1
2019,Nassau,11558,41,482.2
2019,Nassau,11559,7,81.5*
2019,Nassau,11560,8,123.1*
2019,Nassau,11561,126,317.4
2019,Nassau,11563,25,110.6
2019,Nassau,11565,14,160.1
2019,Nassau,11566,61,169.4
2019,Nassau,11568,s,s
2019,Nassau,11570,46,168.2
2019,Nassau,11572,54,176.4
2019,Nassau,11575,31,184
2019,Nassau,11576,9,70.7*
2019,Nassau,11577,8,63.0*
2019,Nassau,11579,0,0.0*
2019,Nassau,11580,50,120.9
2019,Nassau,11581,27,127.9
2019,Nassau,11590,64,133.9
2019,Nassau,11596,10,94.4
2019,Nassau,11598,9,68.1*
2019,Queens,11691,156,241
2019,Queens,11692,52,236.5
2019,Queens,11693,45,342.9
2019,Queens,11694,53,242.7
2019,Queens,11697,s,s
2019,Suffolk,11701,69,254.7
2019,Suffolk,11702,39,277.5
2019,Suffolk,11703,42,261.8
2019,Suffolk,11704,127,326.7
2019,Suffolk,11705,27,335
2019,Suffolk,11706,214,338.4
2019,Nassau,11709,16,238.6
2019,Nassau,11710,58,167.6
2019,Suffolk,11713,17,148.8
2019,Nassau,11714,50,217.2
2019,Suffolk,11715,10,223.3
2019,Suffolk,11716,46,436.8
2019,Suffolk,11717,114,185.1
2019,Suffolk,11718,s,s
2019,Suffolk,11719,8,227.8*
2019,Suffolk,11720,127,435.8
2019,Suffolk,11721,6,98.4*
2019,Suffolk,11722,92,262
2019,Suffolk,11724,s,s
2019,Suffolk,11725,54,190.6
2019,Suffolk,11726,41,204.3
2019,Suffolk,11727,137,457
2019,Suffolk,11729,66,248.7
2019,Suffolk,11730,20,128.6
2019,Suffolk,11731,58,197.4
2019,Nassau,11732,s,s
2019,Suffolk,11733,51,272.5
2019,Nassau,11735,75,234.4
2019,Suffolk,11738,69,405.4
2019,Suffolk,11740,15,160.7
2019,Suffolk,11741,94,347.6
2019,Suffolk,11742,39,288.1
2019,Suffolk,11743,43,104.2
2019,Suffolk,11746,110,164
2019,Suffolk,11747,28,139.1
2019,Suffolk,11749,10,268.5
2019,Suffolk,11751,51,363.6
2019,Suffolk,11752,26,270.8
2019,Nassau,11753,s,s
2019,Suffolk,11754,36,195.7
2019,Suffolk,11755,35,277.8
2019,Nassau,11756,146,344.4
2019,Suffolk,11757,135,307.9
2019,Nassau,11758,103,190.4
2019,Nassau,11762,71,313.3
2019,Suffolk,11763,130,446.1
2019,Suffolk,11764,32,238.7
2019,Nassau,11765,0,0.0*
2019,Suffolk,11766,48,379.7
2019,Suffolk,11767,34,236.7
2019,Suffolk,11768,34,158.6
2019,Suffolk,11769,34,357.6
2019,Nassau,11771,19,171.9
2019,Suffolk,11772,156,343.6
2019,Suffolk,11776,125,523.8
2019,Suffolk,11777,54,592.7
2019,Suffolk,11778,63,484.8
2019,Suffolk,11779,217,581.8
2019,Suffolk,11780,39,252.5
2019,Suffolk,11782,37,234.5
2019,Nassau,11783,54,253.9
2019,Suffolk,11784,94,398.5
2019,Suffolk,11786,18,302.4
2019,Suffolk,11787,75,212.3
2019,Suffolk,11788,38,228.5
2019,Suffolk,11789,41,527.8
2019,Suffolk,11790,22,123
2019,Nassau,11791,24,95
2019,Suffolk,11792,24,280.9
2019,Nassau,11793,50,152.8
2019,Suffolk,11794,8,260.8*
2019,Suffolk,11795,79,316.4
2019,Suffolk,11796,7,194.2*
2019,Nassau,11797,s,s
2019,Suffolk,11798,30,189.8
2019,Nassau,11801,82,207.4
2019,Nassau,11803,30,103.5
2019,Nassau,11804,s,s
2019,Suffolk,11901,117,405.3
2019,Suffolk,11933,30,366.5
2019,Suffolk,11934,20,254.4
2019,Suffolk,11935,9,234.1*
2019,Suffolk,11937,21,111.6
2019,Suffolk,11939,s,s
2019,Suffolk,11940,22,413.8
2019,Suffolk,11941,7,159.9*
2019,Suffolk,11942,14,249.8
2019,Suffolk,11944,23,504.8
2019,Suffolk,11946,26,181.5
2019,Suffolk,11948,s,s
2019,Suffolk,11949,33,214.5
2019,Suffolk,11950,109,665.7
2019,Suffolk,11951,119,835.4
2019,Suffolk,11952,8,172.8*
2019,Suffolk,11953,54,393.1
2019,Suffolk,11954,8,231.9*
2019,Suffolk,11955,19,578.9
2019,Suffolk,11957,s,s
2019,Suffolk,11958,s,s
2019,Suffolk,11961,70,521.6
2019,Suffolk,11963,12,139.8
2019,Suffolk,11964,s,s
2019,Suffolk,11965,s,s
2019,Suffolk,11967,195,737.9
2019,Suffolk,11968,28,242.1
2019,Suffolk,11971,9,157.5*
2019,Suffolk,11976,0,0.0*
2019,Suffolk,11977,s,s
2019,Suffolk,11978,0,0.0*
2019,Suffolk,11980,14,294.3
2019,Albany,12007,6,4000.0*
2019,Schenectady,12008,0,0.0*
2019,Albany,12009,12,155
2019,Montgomery,12010,80,276.1
2019,Greene,12015,10,268.4
2019,Columbia,12017,0,0.0*
2019,Rensselaer,12018,15,188.7
2019,Saratoga,12019,6,39.0*
2019,Saratoga,12020,37,112.8
2019,Rensselaer,12022,0,0.0*
2019,Albany,12023,s,s
2019,Columbia,12024,0,0.0*
2019,Fulton,12025,11,198.2
2019,Saratoga,12027,s,s
2019,Rensselaer,12028,0,0.0*
2019,Columbia,12029,0,0.0*
2019,Fulton,12032,0,0.0*
2019,Rensselaer,12033,21,257.4
2019,Schoharie,12035,0,0.0*
2019,Schoharie,12036,0,0.0*
2019,Columbia,12037,s,s
2019,Albany,12041,0,0.0*
2019,Greene,12042,s,s
2019,Schoharie,12043,10,124.5
2019,Albany,12046,s,s
2019,Albany,12047,72,338.4
2019,Greene,12051,9,152.2*
2019,Rensselaer,12052,s,s
2019,Schenectady,12053,9,200.6*
2019,Albany,12054,s,s
2019,Schenectady,12056,s,s
2019,Washington,12057,6,329.7*
2019,Greene,12058,s,s
2019,Albany,12059,s,s
2019,Columbia,12060,s,s
2019,Rensselaer,12061,22,245.4
2019,Rensselaer,12062,s,s
2019,Otsego,12064,s,s
2019,Saratoga,12065,63,146.8
2019,Schoharie,12066,s,s
2019,Albany,12067,s,s
2019,Montgomery,12068,9,260.4*
2019,Montgomery,12070,s,s
2019,Schoharie,12071,0,0.0*
2019,Montgomery,12072,7,247.5*
2019,Saratoga,12074,6,221.7*
2019,Columbia,12075,s,s
2019,Schoharie,12076,s,s
2019,Albany,12077,16,247.9
2019,Fulton,12078,64,278.6
2019,Greene,12083,s,s
2019,Albany,12084,6,119.2*
2019,Montgomery,12086,s,s
2019,Greene,12087,6,500.8*
2019,Rensselaer,12090,15,244.6
2019,Schoharie,12092,s,s
2019,Schoharie,12093,s,s
2019,Rensselaer,12094,s,s
2019,Fulton,12095,23,188.2
2019,Columbia,12106,8,348.9*
2019,Hamilton,12108,0,0.0*
2019,Albany,12110,30,150.3
2019,Columbia,12115,0,0.0*
2019,Otsego,12116,s,s
2019,Fulton,12117,12,404.4
2019,Saratoga,12118,25,154.1
2019,Albany,12120,s,s
2019,Rensselaer,12121,s,s
2019,Schoharie,12122,16,366.6
2019,Rensselaer,12123,17,310.6
2019,Columbia,12125,s,s
2019,Columbia,12130,s,s
2019,Schoharie,12131,0,0.0*
2019,Fulton,12134,6,167.5*
2019,Columbia,12136,0,0.0*
2019,Schenectady,12137,s,s
2019,Rensselaer,12138,8,245.6*
2019,Hamilton,12139,0,0.0*
2019,Rensselaer,12140,0,0.0*
2019,Albany,12143,16,281.4
2019,Rensselaer,12144,54,257.1
2019,Albany,12147,0,0.0*
2019,Saratoga,12148,s,s
2019,Schoharie,12149,s,s
2019,Schenectady,12150,9,1074.0*
2019,Saratoga,12151,s,s
2019,Rensselaer,12153,s,s
2019,Rensselaer,12154,s,s
2019,Otsego,12155,0,0.0*
2019,Rensselaer,12156,s,s
2019,Schoharie,12157,6,155.6*
2019,Albany,12158,10,145.4
2019,Albany,12159,6,75.3*
2019,Schoharie,12160,0,0.0*
2019,Hamilton,12164,0,0.0*
2019,Columbia,12165,0,0.0*
2019,Montgomery,12166,0,0.0*
2019,Delaware,12167,8,310.6*
2019,Rensselaer,12168,s,s
2019,Rensselaer,12169,s,s
2019,Saratoga,12170,14,272.3
2019,Columbia,12173,s,s
2019,Schoharie,12175,s,s
2019,Greene,12176,s,s
2019,Rensselaer,12180,236,436.5
2019,Rensselaer,12182,65,447.1
2019,Albany,12183,9,331.9*
2019,Columbia,12184,9,121.5*
2019,Rensselaer,12185,s,s
2019,Albany,12186,s,s
2019,Schoharie,12187,0,0.0*
2019,Saratoga,12188,9,84.7*
2019,Albany,12189,46,251.4
2019,Hamilton,12190,0,0.0*
2019,Greene,12192,8,416.4*
2019,Albany,12193,10,524.9
2019,Schoharie,12194,0,0.0*
2019,Rensselaer,12196,6,192.5*
2019,Otsego,12197,s,s
2019,Rensselaer,12198,10,126.1
2019,Albany,12202,148,1554.3
2019,Albany,12203,73,209
2019,Albany,12204,25,309.6
2019,Albany,12205,73,271.8
2019,Albany,12206,99,580.4
2019,Albany,12207,15,608
2019,Albany,12208,93,442
2019,Albany,12209,39,369.8
2019,Albany,12210,65,648.8
2019,Albany,12211,27,205.8
2019,Schenectady,12302,31,111.4
2019,Schenectady,12303,77,255.6
2019,Schenectady,12304,79,367.1
2019,Schenectady,12305,45,690.9
2019,Schenectady,12306,64,250.5
2019,Schenectady,12307,49,619.2
2019,Schenectady,12308,69,487.8
2019,Schenectady,12309,30,102.1
2019,Ulster,12401,291,846.4
2019,Ulster,12404,11,303.5
2019,Greene,12405,s,s
2019,Delaware,12406,s,s
2019,Ulster,12409,0,0.0*
2019,Ulster,12410,s,s
2019,Ulster,12411,s,s
2019,Ulster,12412,s,s
2019,Greene,12413,14,452.5
2019,Greene,12414,67,639.7
2019,Ulster,12416,0,0.0*
2019,Greene,12418,s,s
2019,Ulster,12419,s,s
2019,Delaware,12421,0,0.0*
2019,Greene,12422,0,0.0*
2019,Greene,12423,s,s
2019,Greene,12424,s,s
2019,Greene,12427,s,s
2019,Ulster,12428,47,604.7
2019,Delaware,12430,s,s
2019,Greene,12431,7,536.8*
2019,Ulster,12433,0,0.0*
2019,Ulster,12435,s,s
2019,Greene,12439,0,0.0*
2019,Ulster,12440,0,0.0*
2019,Greene,12442,7,799.1*
2019,Ulster,12443,11,296.3
2019,Greene,12444,0,0.0*
2019,Ulster,12446,42,723.8
2019,Ulster,12448,s,s
2019,Ulster,12449,7,210.8*
2019,Greene,12450,0,0.0*
2019,Greene,12451,10,646.4
2019,Greene,12454,0,0.0*
2019,Delaware,12455,0,0.0*
2019,Ulster,12456,15,2608.7
2019,Ulster,12457,s,s
2019,Ulster,12458,15,643.2
2019,Greene,12460,s,s
2019,Ulster,12461,6,391.6*
2019,Greene,12463,7,473.3*
2019,Ulster,12464,s,s
2019,Ulster,12465,s,s
2019,Ulster,12466,33,1370.4
2019,Greene,12468,s,s
2019,Albany,12469,0,0.0*
2019,Greene,12470,s,s
2019,Ulster,12472,s,s
2019,Greene,12473,s,s
2019,Delaware,12474,0,0.0*
2019,Ulster,12477,109,568.9
2019,Ulster,12480,0,0.0*
2019,Ulster,12481,s,s
2019,Greene,12482,6,1077.2*
2019,Ulster,12484,s,s
2019,Greene,12485,12,1194
2019,Ulster,12486,s,s
2019,Ulster,12487,14,403.7
2019,Ulster,12491,6,365.4*
2019,Greene,12492,s,s
2019,Ulster,12494,0,0.0*
2019,Ulster,12495,0,0.0*
2019,Greene,12496,s,s
2019,Ulster,12498,18,404.4
2019,Dutchess,12501,11,426.9
2019,Columbia,12502,s,s
2019,Columbia,12503,0,0.0*
2019,Dutchess,12507,0,0.0*
2019,Dutchess,12508,57,287.7
2019,Columbia,12513,s,s
2019,Dutchess,12514,s,s
2019,Ulster,12515,s,s
2019,Columbia,12516,9,516.6*
2019,Columbia,12517,s,s
2019,Orange,12518,7,116.3*
2019,Orange,12520,s,s
2019,Columbia,12521,s,s
2019,Dutchess,12522,18,350.3
2019,Columbia,12523,7,331.6*
2019,Dutchess,12524,58,364.2
2019,Ulster,12525,6,169.2*
2019,Columbia,12526,s,s
2019,Ulster,12528,34,235.8
2019,Columbia,12529,s,s
2019,Dutchess,12531,9,272.2*
2019,Dutchess,12533,73,284.7
2019,Columbia,12534,90,491.3
2019,Dutchess,12538,49,390.3
2019,Dutchess,12540,22,288.9
2019,Ulster,12542,22,387.6
2019,Orange,12543,7,232.5*
2019,Dutchess,12545,6,112.8*
2019,Dutchess,12546,9,284.4*
2019,Ulster,12547,7,257.9*
2019,Ulster,12548,10,871.1
2019,Orange,12549,32,301.5
2019,Orange,12550,185,340.9
2019,Orange,12553,62,245.6
2019,Ulster,12561,32,175.8
2019,Putnam,12563,6,70.9*
2019,Dutchess,12564,6,81.9*
2019,Ulster,12566,34,301.5
2019,Dutchess,12567,6,222.4*
2019,Dutchess,12569,22,228.1
2019,Dutchess,12570,23,324.8
2019,Dutchess,12571,10,92.9
2019,Dutchess,12572,17,180
2019,Orange,12575,s,s
2019,Orange,12577,0,0.0*
2019,Dutchess,12578,s,s
2019,Dutchess,12580,21,542.5
2019,Dutchess,12581,8,353.4*
2019,Dutchess,12582,21,317.6
2019,Dutchess,12583,s,s
2019,Dutchess,12585,0,0.0*
2019,Orange,12586,36,281.4
2019,Ulster,12589,52,299
2019,Dutchess,12590,101,292.7
2019,Dutchess,12592,6,475.4*
2019,Dutchess,12594,18,452.9
2019,Dutchess,12601,411,927.5
2019,Dutchess,12603,136,335.7
2019,Dutchess,12604,0,0.0*
2019,Sullivan,12701,83,730.9
2019,Sullivan,12719,7,633.5*
2019,Sullivan,12720,s,s
2019,Sullivan,12721,17,266.2
2019,Sullivan,12723,13,615.5
2019,Ulster,12725,0,0.0*
2019,Sullivan,12726,s,s
2019,Orange,12729,7,314.5*
2019,Sullivan,12732,7,872.8*
2019,Sullivan,12733,0,0.0*
2019,Sullivan,12734,9,836.4*
2019,Sullivan,12736,0,0.0*
2019,Sullivan,12737,s,s
2019,Sullivan,12738,0,0.0*
2019,Sullivan,12740,s,s
2019,Sullivan,12741,s,s
2019,Sullivan,12742,s,s
2019,Sullivan,12743,s,s
2019,Sullivan,12745,s,s
2019,Orange,12746,s,s
2019,Sullivan,12747,15,593.6
2019,Sullivan,12748,s,s
2019,Sullivan,12750,0,0.0*
2019,Sullivan,12751,s,s
2019,Sullivan,12752,s,s
2019,Sullivan,12754,46,637.8
2019,Sullivan,12758,21,474.5
2019,Sullivan,12759,7,751.9*
2019,Delaware,12760,s,s
2019,Sullivan,12762,12,2259.9
2019,Sullivan,12763,s,s
2019,Sullivan,12764,s,s
2019,Sullivan,12765,s,s
2019,Sullivan,12766,0,0.0*
2019,Sullivan,12768,s,s
2019,Sullivan,12770,s,s
2019,Orange,12771,126,882.3
2019,Sullivan,12775,15,604.4
2019,Sullivan,12776,8,359.2*
2019,Sullivan,12777,0,0.0*
2019,Sullivan,12779,9,380.1*
2019,Orange,12780,17,741.4
2019,Sullivan,12783,15,953
2019,Sullivan,12786,0,0.0*
2019,Sullivan,12787,s,s
2019,Sullivan,12788,10,517.1
2019,Sullivan,12789,10,371.9
2019,Sullivan,12790,21,371.9
2019,Sullivan,12791,0,0.0*
2019,Sullivan,12792,0,0.0*
2019,Warren,12801,25,180.3
2019,Saratoga,12803,7,86.0*
2019,Warren,12804,37,141.6
2019,Warren,12808,0,0.0*
2019,Washington,12809,s,s
2019,Warren,12810,0,0.0*
2019,Hamilton,12812,0,0.0*
2019,Warren,12814,s,s
2019,Warren,12815,0,0.0*
2019,Washington,12816,s,s
2019,Warren,12817,7,301.2*
2019,Washington,12819,0,0.0*
2019,Washington,12821,s,s
2019,Saratoga,12822,12,205.3
2019,Washington,12823,0,0.0*
2019,Warren,12824,0,0.0*
2019,Washington,12827,8,210.1*
2019,Washington,12828,18,181
2019,Saratoga,12831,9,51.3*
2019,Washington,12832,s,s
2019,Saratoga,12833,s,s
2019,Washington,12834,s,s
2019,Saratoga,12835,10,367.1
2019,Warren,12836,s,s
2019,Washington,12837,0,0.0*
2019,Washington,12838,s,s
2019,Washington,12839,21,157.9
2019,Hamilton,12842,0,0.0*
2019,Warren,12843,0,0.0*
2019,Washington,12844,0,0.0*
2019,Warren,12845,6,120.6*
2019,Warren,12846,s,s
2019,Hamilton,12847,0,0.0*
2019,Washington,12849,0,0.0*
2019,Saratoga,12850,s,s
2019,Essex,12851,0,0.0*
2019,Essex,12852,0,0.0*
2019,Warren,12853,s,s
2019,Essex,12855,0,0.0*
2019,Essex,12857,0,0.0*
2019,Essex,12858,0,0.0*
2019,Saratoga,12859,s,s
2019,Warren,12860,s,s
2019,Washington,12861,0,0.0*
2019,Saratoga,12863,s,s
2019,Washington,12865,s,s
2019,Saratoga,12866,55,142.5
2019,Essex,12870,s,s
2019,Saratoga,12871,s,s
2019,Washington,12873,0,0.0*
2019,Warren,12878,s,s
2019,Essex,12883,9,189.6*
2019,Warren,12885,6,125.2*
2019,Warren,12886,0,0.0*
2019,Washington,12887,s,s
2019,Clinton,12901,40,122.5
2019,Clinton,12903,s,s
2019,Clinton,12910,0,0.0*
2019,Clinton,12912,s,s
2019,Essex,12913,0,0.0*
2019,Franklin,12914,0,0.0*
2019,Franklin,12916,s,s
2019,Franklin,12917,0,0.0*
2019,Clinton,12918,0,0.0*
2019,Clinton,12919,s,s
2019,Franklin,12920,s,s
2019,Clinton,12921,s,s
2019,St. Lawrence,12922,0,0.0*
2019,Clinton,12923,s,s
2019,Clinton,12924,s,s
2019,Franklin,12926,0,0.0*
2019,Essex,12928,s,s
2019,Franklin,12930,s,s
2019,Essex,12932,s,s
2019,Clinton,12934,s,s
2019,Clinton,12935,s,s
2019,Essex,12936,0,0.0*
2019,Franklin,12937,s,s
2019,Essex,12941,s,s
2019,Essex,12942,s,s
2019,Essex,12943,0,0.0*
2019,Essex,12944,s,s
2019,Franklin,12945,0,0.0*
2019,Essex,12946,s,s
2019,Essex,12950,s,s
2019,Clinton,12952,s,s
2019,Franklin,12953,10,65.5
2019,Clinton,12955,0,0.0*
2019,Essex,12956,s,s
2019,Franklin,12957,s,s
2019,Clinton,12958,s,s
2019,Clinton,12959,0,0.0*
2019,Essex,12960,s,s
2019,Essex,12961,0,0.0*
2019,Clinton,12962,6,113.4*
2019,Essex,12964,0,0.0*
2019,St. Lawrence,12965,s,s
2019,Franklin,12966,0,0.0*
2019,St. Lawrence,12967,s,s
2019,Franklin,12969,s,s
2019,Franklin,12970,0,0.0*
2019,Clinton,12972,s,s
2019,St. Lawrence,12973,0,0.0*
2019,Essex,12974,0,0.0*
2019,Clinton,12978,0,0.0*
2019,Clinton,12979,s,s
2019,Franklin,12980,s,s
2019,Clinton,12981,6,96.7*
2019,Franklin,12983,10,129.3
2019,Clinton,12985,s,s
2019,Franklin,12986,6,98.5*
2019,Essex,12987,0,0.0*
2019,Franklin,12989,s,s
2019,Clinton,12992,s,s
2019,Essex,12993,0,0.0*
2019,Essex,12996,s,s
2019,Essex,12997,s,s
2019,Cayuga,13021,97,241.1
2019,Cayuga,13026,s,s
2019,Onondaga,13027,58,176.7
2019,Oswego,13028,s,s
2019,Onondaga,13029,17,229.6
2019,Madison,13030,s,s
2019,Onondaga,13031,29,184.1
2019,Madison,13032,20,153
2019,Cayuga,13033,s,s
2019,Cayuga,13034,s,s
2019,Madison,13035,s,s
2019,Oswego,13036,13,147.2
2019,Madison,13037,18,208.5
2019,Onondaga,13039,34,190.8
2019,Cortland,13040,11,386.1
2019,Onondaga,13041,16,141.6
2019,Oswego,13042,s,s
2019,Oswego,13044,s,s
2019,Cortland,13045,65,220.8
2019,Madison,13052,0,0.0*
2019,Tompkins,13053,7,121.7*
2019,Oneida,13054,s,s
2019,Onondaga,13057,40,272.6
2019,Onondaga,13060,s,s
2019,Madison,13061,0,0.0*
2019,Onondaga,13063,s,s
2019,Onondaga,13066,7,55.8*
2019,Tompkins,13068,10,174.9
2019,Oswego,13069,78,331.7
2019,Cayuga,13071,0,0.0*
2019,Madison,13072,0,0.0*
2019,Tompkins,13073,10,153.9
2019,Oswego,13074,13,294.7
2019,Oswego,13076,s,s
2019,Cortland,13077,18,270.4
2019,Onondaga,13078,16,156.9
2019,Onondaga,13080,s,s
2019,Cayuga,13081,0,0.0*
2019,Madison,13082,8,165.7*
2019,Oswego,13083,6,286.0*
2019,Onondaga,13084,13,291
2019,Onondaga,13088,29,131
2019,Onondaga,13090,33,109.3
2019,Cayuga,13092,s,s
2019,Cortland,13101,s,s
2019,Oswego,13103,s,s
2019,Onondaga,13104,13,81.4
2019,Onondaga,13108,12,204.3
2019,Onondaga,13110,s,s
2019,Cayuga,13111,s,s
2019,Onondaga,13112,9,505.1*
2019,Oswego,13114,22,350.8
2019,Onondaga,13116,s,s
2019,Cayuga,13118,s,s
2019,Onondaga,13120,7,320.1*
2019,Madison,13122,s,s
2019,Chenango,13124,0,0.0*
2019,Oswego,13126,84,231.7
2019,Oswego,13131,10,274.3
2019,Oswego,13132,11,271.7
2019,Oswego,13135,19,303.3
2019,Chenango,13136,0,0.0*
2019,Cayuga,13140,6,136.9*
2019,Cortland,13141,s,s
2019,Oswego,13142,10,158.5
2019,Wayne,13143,s,s
2019,Oswego,13144,s,s
2019,Oswego,13145,s,s
2019,Wayne,13146,8,355.9*
2019,Cayuga,13147,s,s
2019,Seneca,13148,11,105.2
2019,Onondaga,13152,s,s
2019,Chenango,13155,s,s
2019,Cayuga,13156,s,s
2019,Cortland,13158,s,s
2019,Onondaga,13159,7,132.9*
2019,Cayuga,13160,0,0.0*
2019,Onondaga,13164,s,s
2019,Seneca,13165,18,172.1
2019,Cayuga,13166,12,226.9
2019,Oswego,13167,7,230.0*
2019,Onondaga,13202,103,1819.8
2019,Onondaga,13203,113,704.5
2019,Onondaga,13204,169,862
2019,Onondaga,13205,82,442.2
2019,Onondaga,13206,99,623.2
2019,Onondaga,13207,43,332.4
2019,Onondaga,13208,144,654.7
2019,Onondaga,13209,49,385.1
2019,Onondaga,13210,148,535.6
2019,Onondaga,13211,48,747
2019,Onondaga,13212,50,250.5
2019,Onondaga,13214,12,141.2
2019,Onondaga,13215,21,135.7
2019,Onondaga,13219,28,190.3
2019,Onondaga,13224,7,81.3*
2019,Oneida,13301,0,0.0*
2019,Oswego,13302,7,443.9*
2019,Oneida,13303,s,s
2019,Oneida,13304,s,s
2019,Oneida,13308,6,134.7*
2019,Oneida,13309,s,s
2019,Madison,13310,0,0.0*
2019,Otsego,13315,0,0.0*
2019,Oneida,13316,18,262.5
2019,Montgomery,13317,6,162.6*
2019,Oneida,13318,0,0.0*
2019,Oneida,13319,s,s
2019,Otsego,13320,s,s
2019,Oneida,13322,0,0.0*
2019,Oneida,13323,11,89.8
2019,Herkimer,13324,s,s
2019,Lewis,13325,s,s
2019,Otsego,13326,s,s
2019,Lewis,13327,s,s
2019,Oneida,13328,s,s
2019,Herkimer,13329,s,s
2019,Herkimer,13331,0,0.0*
2019,Madison,13332,s,s
2019,Otsego,13333,0,0.0*
2019,Madison,13334,0,0.0*
2019,Otsego,13335,0,0.0*
2019,Otsego,13337,s,s
2019,Oneida,13338,0,0.0*
2019,Montgomery,13339,s,s
2019,Herkimer,13340,s,s
2019,Otsego,13342,0,0.0*
2019,Lewis,13343,s,s
2019,Lewis,13345,0,0.0*
2019,Madison,13346,s,s
2019,Otsego,13348,6,427.7*
2019,Herkimer,13350,19,196
2019,Hamilton,13353,0,0.0*
2019,Oneida,13354,s,s
2019,Madison,13355,s,s
2019,Herkimer,13357,9,85.2*
2019,Hamilton,13360,0,0.0*
2019,Herkimer,13361,s,s
2019,Oneida,13363,s,s
2019,Herkimer,13365,12,141
2019,Lewis,13367,8,92.3*
2019,Lewis,13368,s,s
2019,Madison,13402,s,s
2019,Oneida,13403,s,s
2019,Herkimer,13406,0,0.0*
2019,Herkimer,13407,s,s
2019,Madison,13408,0,0.0*
2019,Madison,13409,s,s
2019,Chenango,13411,s,s
2019,Oneida,13413,10,63.7
2019,Otsego,13415,0,0.0*
2019,Herkimer,13416,0,0.0*
2019,Oneida,13417,8,266.1*
2019,Madison,13418,0,0.0*
2019,Herkimer,13420,s,s
2019,Madison,13421,15,110.1
2019,Oneida,13424,s,s
2019,Oneida,13425,6,290.1*
2019,Montgomery,13428,0,0.0*
2019,Herkimer,13431,0,0.0*
2019,Lewis,13433,s,s
2019,Oswego,13437,0,0.0*
2019,Oneida,13438,s,s
2019,Otsego,13439,s,s
2019,Oneida,13440,97,230.3
2019,Otsego,13450,s,s
2019,Montgomery,13452,s,s
2019,Herkimer,13454,0,0.0*
2019,Oneida,13456,s,s
2019,Schoharie,13459,0,0.0*
2019,Chenango,13460,10,246.2
2019,Oneida,13461,s,s
2019,Chenango,13464,s,s
2019,Otsego,13468,0,0.0*
2019,Oneida,13469,0,0.0*
2019,Fulton,13470,s,s
2019,Oneida,13471,11,332.2
2019,Lewis,13473,0,0.0*
2019,Oneida,13476,s,s
2019,Oneida,13477,s,s
2019,Oneida,13478,s,s
2019,Oneida,13480,s,s
2019,Otsego,13482,0,0.0*
2019,Oneida,13483,0,0.0*
2019,Madison,13485,0,0.0*
2019,Oneida,13486,0,0.0*
2019,Otsego,13488,0,0.0*
2019,Lewis,13489,0,0.0*
2019,Oneida,13490,0,0.0*
2019,Herkimer,13491,0,0.0*
2019,Oneida,13492,13,115
2019,Oswego,13493,9,473.2*
2019,Oneida,13494,0,0.0*
2019,Oneida,13495,s,s
2019,Oneida,13501,85,221.8
2019,Oneida,13502,79,242.5
2019,Jefferson,13601,142,382.2
2019,Jefferson,13602,s,s
2019,Jefferson,13603,s,s
2019,Jefferson,13605,s,s
2019,Jefferson,13606,s,s
2019,Jefferson,13607,s,s
2019,Jefferson,13608,s,s
2019,Jefferson,13611,0,0.0*
2019,Jefferson,13612,s,s
2019,St. Lawrence,13613,s,s
2019,St. Lawrence,13614,s,s
2019,Jefferson,13616,0,0.0*
2019,St. Lawrence,13617,18,158
2019,Jefferson,13618,s,s
2019,Jefferson,13619,18,167.1
2019,Lewis,13620,7,282.8*
2019,St. Lawrence,13621,0,0.0*
2019,Jefferson,13622,0,0.0*
2019,Jefferson,13624,s,s
2019,St. Lawrence,13625,0,0.0*
2019,Lewis,13626,s,s
2019,St. Lawrence,13630,0,0.0*
2019,St. Lawrence,13633,0,0.0*
2019,Jefferson,13634,10,255.7
2019,St. Lawrence,13635,0,0.0*
2019,Jefferson,13636,0,0.0*
2019,Jefferson,13637,10,221.2
2019,Jefferson,13638,s,s
2019,St. Lawrence,13639,0,0.0*
2019,Jefferson,13640,0,0.0*
2019,St. Lawrence,13642,23,237.9
2019,St. Lawrence,13646,s,s
2019,Lewis,13648,s,s
2019,Jefferson,13650,s,s
2019,St. Lawrence,13652,8,409.4*
2019,St. Lawrence,13654,s,s
2019,Franklin,13655,11,312.5
2019,Jefferson,13656,s,s
2019,St. Lawrence,13658,s,s
2019,Jefferson,13659,0,0.0*
2019,St. Lawrence,13660,s,s
2019,Jefferson,13661,0,0.0*
2019,St. Lawrence,13662,22,136.8
2019,Jefferson,13665,s,s
2019,St. Lawrence,13666,0,0.0*
2019,St. Lawrence,13667,s,s
2019,St. Lawrence,13668,s,s
2019,St. Lawrence,13669,37,230.2
2019,St. Lawrence,13670,0,0.0*
2019,St. Lawrence,13672,s,s
2019,Jefferson,13673,s,s
2019,Jefferson,13675,s,s
2019,St. Lawrence,13676,16,104
2019,Jefferson,13679,s,s
2019,St. Lawrence,13680,0,0.0*
2019,St. Lawrence,13681,s,s
2019,Jefferson,13682,0,0.0*
2019,St. Lawrence,13684,s,s
2019,Jefferson,13685,10,460.8
2019,St. Lawrence,13687,0,0.0*
2019,St. Lawrence,13690,s,s
2019,Jefferson,13691,6,182.2*
2019,Jefferson,13693,s,s
2019,St. Lawrence,13694,s,s
2019,St. Lawrence,13695,0,0.0*
2019,St. Lawrence,13696,s,s
2019,St. Lawrence,13697,0,0.0*
2019,St. Lawrence,13699,0,0.0*
2019,Chenango,13730,s,s
2019,Delaware,13731,0,0.0*
2019,Tioga,13732,6,81.3*
2019,Chenango,13733,7,140.2*
2019,Tioga,13734,s,s
2019,Tioga,13736,s,s
2019,Delaware,13739,0,0.0*
2019,Delaware,13740,s,s
2019,Tioga,13743,s,s
2019,Broome,13744,s,s
2019,Broome,13746,s,s
2019,Broome,13748,s,s
2019,Delaware,13750,s,s
2019,Delaware,13751,0,0.0*
2019,Delaware,13752,0,0.0*
2019,Delaware,13753,s,s
2019,Broome,13754,7,233.7*
2019,Delaware,13755,0,0.0*
2019,Delaware,13756,0,0.0*
2019,Delaware,13757,0,0.0*
2019,Broome,13760,91,213.1
2019,Delaware,13775,0,0.0*
2019,Otsego,13776,0,0.0*
2019,Broome,13777,s,s
2019,Chenango,13778,7,128.3*
2019,Chenango,13780,s,s
2019,Delaware,13782,0,0.0*
2019,Delaware,13783,8,303.1*
2019,Delaware,13786,0,0.0*
2019,Broome,13787,6,174.5*
2019,Delaware,13788,s,s
2019,Broome,13790,68,378
2019,Broome,13795,11,299.3
2019,Otsego,13796,0,0.0*
2019,Broome,13797,s,s
2019,Chenango,13801,0,0.0*
2019,Broome,13802,s,s
2019,Cortland,13803,s,s
2019,Delaware,13804,0,0.0*
2019,Delaware,13806,0,0.0*
2019,Otsego,13807,s,s
2019,Otsego,13808,0,0.0*
2019,Chenango,13809,s,s
2019,Otsego,13810,s,s
2019,Tioga,13811,s,s
2019,Tioga,13812,s,s
2019,Broome,13813,0,0.0*
2019,Chenango,13815,36,270.9
2019,Otsego,13820,23,104.1
2019,Otsego,13825,s,s
2019,Broome,13826,s,s
2019,Tioga,13827,16,145.1
2019,Chenango,13830,7,145.6*
2019,Chenango,13832,s,s
2019,Broome,13833,13,308.9
2019,Tioga,13835,s,s
2019,Delaware,13838,7,176.0*
2019,Delaware,13839,s,s
2019,Chenango,13841,0,0.0*
2019,Delaware,13842,0,0.0*
2019,Chenango,13843,s,s
2019,Chenango,13844,s,s
2019,Delaware,13846,0,0.0*
2019,Otsego,13849,7,152.6*
2019,Broome,13850,23,82.5
2019,Delaware,13856,6,97.0*
2019,Otsego,13859,0,0.0*
2019,Otsego,13861,s,s
2019,Broome,13862,8,195.6*
2019,Cortland,13863,0,0.0*
2019,Tioga,13864,0,0.0*
2019,Broome,13865,12,202.6
2019,Broome,13901,156,827.2
2019,Broome,13903,66,363.2
2019,Broome,13904,33,357.4
2019,Broome,13905,111,407.8
2019,Erie,14001,13,137.2
2019,Erie,14004,17,133.8
2019,Genesee,14005,s,s
2019,Erie,14006,40,411.3
2019,Niagara,14008,s,s
2019,Wyoming,14009,7,128.1*
2019,Wyoming,14011,12,125.5
2019,Niagara,14012,s,s
2019,Genesee,14013,s,s
2019,Genesee,14020,74,330.2
2019,Wyoming,14024,s,s
2019,Erie,14025,s,s
2019,Erie,14026,s,s
2019,Niagara,14028,s,s
2019,Erie,14030,s,s
2019,Erie,14031,18,184.4
2019,Erie,14032,s,s
2019,Erie,14033,s,s
2019,Erie,14034,s,s
2019,Genesee,14036,s,s
2019,Wyoming,14037,0,0.0*
2019,Wyoming,14039,0,0.0*
2019,Genesee,14040,s,s
2019,Cattaraugus,14041,0,0.0*
2019,Cattaraugus,14042,6,131.6*
2019,Erie,14043,64,246.1
2019,Erie,14047,18,270.7
2019,Chautauqua,14048,95,646.1
2019,Erie,14051,8,37.2*
2019,Erie,14052,12,70.1
2019,Genesee,14054,s,s
2019,Erie,14055,0,0.0*
2019,Erie,14057,12,149.9
2019,Genesee,14058,s,s
2019,Erie,14059,11,117
2019,Allegany,14060,0,0.0*
2019,Chautauqua,14062,14,461.6
2019,Chautauqua,14063,34,237.8
2019,Cattaraugus,14065,s,s
2019,Wyoming,14066,s,s
2019,Niagara,14067,8,161.9*
2019,Erie,14068,s,s
2019,Erie,14069,0,0.0*
2019,Erie,14070,22,287
2019,Erie,14072,28,132.3
2019,Erie,14075,65,152.7
2019,Erie,14080,s,s
2019,Erie,14081,23,647.2
2019,Wyoming,14082,0,0.0*
2019,Wyoming,14083,0,0.0*
2019,Erie,14085,11,135.1
2019,Erie,14086,47,138.1
2019,Erie,14091,s,s
2019,Niagara,14092,48,430
2019,Niagara,14094,142,287.6
2019,Orleans,14098,s,s
2019,Cattaraugus,14101,s,s
2019,Erie,14102,0,0.0*
2019,Orleans,14103,39,367.1
2019,Niagara,14105,8,189.5*
2019,Niagara,14108,14,243.1
2019,Niagara,14109,0,0.0*
2019,Erie,14111,9,273.7*
2019,Wyoming,14113,0,0.0*
2019,Niagara,14120,92,205.1
2019,Genesee,14125,s,s
2019,Erie,14127,35,112.1
2019,Cattaraugus,14129,s,s
2019,Niagara,14131,10,185.3
2019,Niagara,14132,17,282.8
2019,Erie,14134,0,0.0*
2019,Chautauqua,14136,16,328.2
2019,Cattaraugus,14138,s,s
2019,Erie,14139,s,s
2019,Erie,14141,7,89.8*
2019,Genesee,14143,s,s
2019,Wyoming,14145,0,0.0*
2019,Erie,14150,132,324.8
2019,Wyoming,14167,s,s
2019,Erie,14170,12,487.8
2019,Cattaraugus,14171,0,0.0*
2019,Niagara,14172,6,186.3*
2019,Niagara,14174,12,214.9
2019,Erie,14201,54,453
2019,Erie,14202,93,2559.9
2019,Erie,14203,31,1379
2019,Erie,14204,50,568.2
2019,Erie,14206,117,590.5
2019,Erie,14207,120,511.3
2019,Erie,14208,28,270.7
2019,Erie,14209,34,419.5
2019,Erie,14210,104,730.5
2019,Erie,14211,60,283.9
2019,Erie,14212,20,193.3
2019,Erie,14213,98,388.1
2019,Erie,14214,35,171.5
2019,Erie,14215,86,225.5
2019,Erie,14216,54,252.1
2019,Erie,14217,71,311.8
2019,Erie,14218,58,301.9
2019,Erie,14219,36,328.5
2019,Erie,14220,80,339.3
2019,Erie,14221,51,94.6
2019,Erie,14222,36,311.5
2019,Erie,14223,57,252
2019,Erie,14224,84,209.2
2019,Erie,14225,87,266.7
2019,Erie,14226,46,157.7
2019,Erie,14227,51,220
2019,Erie,14228,19,77.8
2019,Erie,14260,0,0.0*
2019,Niagara,14301,65,535.4
2019,Niagara,14303,50,911.1
2019,Niagara,14304,91,312.9
2019,Niagara,14305,88,552.1
2019,Orleans,14411,34,245.4
2019,Livingston,14414,13,179.8
2019,Yates,14415,0,0.0*
2019,Genesee,14416,13,350.6
2019,Yates,14418,s,s
2019,Monroe,14420,55,264.9
2019,Genesee,14422,10,416.7
2019,Livingston,14423,s,s
2019,Ontario,14424,60,211.4
2019,Ontario,14425,21,184.6
2019,Wyoming,14427,s,s
2019,Monroe,14428,15,167.1
2019,Ontario,14432,26,480.7
2019,Wayne,14433,9,206.6*
2019,Livingston,14435,6,188.7*
2019,Livingston,14437,17,184.2
2019,Yates,14441,s,s
2019,Monroe,14445,39,436
2019,Monroe,14450,35,84
2019,Livingston,14454,10,89
2019,Ontario,14456,52,263.8
2019,Livingston,14462,0,0.0*
2019,Monroe,14464,19,266.8
2019,Ontario,14466,0,0.0*
2019,Monroe,14467,16,159.4
2019,Monroe,14468,27,143
2019,Ontario,14469,12,196.1
2019,Orleans,14470,17,216.9
2019,Ontario,14471,6,226.2*
2019,Monroe,14472,7,80.7*
2019,Ontario,14475,s,s
2019,Orleans,14476,s,s
2019,Orleans,14477,s,s
2019,Yates,14478,s,s
2019,Livingston,14480,s,s
2019,Livingston,14481,0,0.0*
2019,Genesee,14482,21,235.7
2019,Livingston,14485,7,175.2*
2019,Livingston,14486,0,0.0*
2019,Livingston,14487,7,118.9*
2019,Wayne,14489,9,128.1*
2019,Wayne,14502,22,207.1
2019,Ontario,14504,s,s
2019,Wayne,14505,s,s
2019,Monroe,14506,s,s
2019,Yates,14507,s,s
2019,Livingston,14510,11,169.2
2019,Ontario,14512,12,256.1
2019,Wayne,14513,41,313.6
2019,Monroe,14514,s,s
2019,Wayne,14516,s,s
2019,Livingston,14517,s,s
2019,Wayne,14519,23,196.6
2019,Seneca,14521,s,s
2019,Wayne,14522,16,171.2
2019,Genesee,14525,s,s
2019,Monroe,14526,41,197.9
2019,Yates,14527,19,150.1
2019,Wyoming,14530,15,283.1
2019,Ontario,14532,12,275.7
2019,Livingston,14533,6,272.7*
2019,Monroe,14534,26,82.4
2019,Wyoming,14536,s,s
2019,Seneca,14541,s,s
2019,Monroe,14543,s,s
2019,Yates,14544,s,s
2019,Livingston,14545,0,0.0*
2019,Monroe,14546,14,300.7
2019,Ontario,14548,6,145.4*
2019,Wyoming,14550,s,s
2019,Wayne,14551,s,s
2019,Wayne,14555,s,s
2019,Monroe,14559,42,235.8
2019,Livingston,14560,s,s
2019,Ontario,14561,0,0.0*
2019,Ontario,14564,11,68.4
2019,Wayne,14568,7,121.1*
2019,Wyoming,14569,11,186.1
2019,Orleans,14571,s,s
2019,Steuben,14572,s,s
2019,Monroe,14580,80,151.7
2019,Monroe,14586,7,63.0*
2019,Wayne,14589,12,156.7
2019,Wayne,14590,10,189.9
2019,Wyoming,14591,s,s
2019,Monroe,14604,23,1037.9
2019,Monroe,14605,110,949.3
2019,Monroe,14606,131,492
2019,Monroe,14607,60,376.5
2019,Monroe,14608,80,646.5
2019,Monroe,14609,175,424.9
2019,Monroe,14610,22,159.8
2019,Monroe,14611,102,576.7
2019,Monroe,14612,127,369.5
2019,Monroe,14613,97,664.9
2019,Monroe,14614,12,921
2019,Monroe,14615,85,554.1
2019,Monroe,14616,99,353.2
2019,Monroe,14617,70,314.6
2019,Monroe,14618,14,63.5
2019,Monroe,14619,38,275.1
2019,Monroe,14620,66,266.4
2019,Monroe,14621,240,737
2019,Monroe,14622,32,272.6
2019,Monroe,14623,29,100.9
2019,Monroe,14624,74,200.6
2019,Monroe,14625,15,143.4
2019,Monroe,14626,103,332.4
2019,Monroe,14627,0,0.0*
2019,Monroe,14642,24,7250.8
2019,Chautauqua,14701,373,952.9
2019,Cattaraugus,14706,s,s
2019,Allegany,14708,0,0.0*
2019,Allegany,14709,0,0.0*
2019,Chautauqua,14710,11,324
2019,Allegany,14711,s,s
2019,Chautauqua,14712,s,s
2019,Allegany,14714,0,0.0*
2019,Allegany,14715,8,285.7*
2019,Chautauqua,14716,8,309.0*
2019,Allegany,14717,s,s
2019,Chautauqua,14718,s,s
2019,Cattaraugus,14719,s,s
2019,Allegany,14721,0,0.0*
2019,Chautauqua,14723,s,s
2019,Chautauqua,14724,0,0.0*
2019,Cattaraugus,14726,0,0.0*
2019,Allegany,14727,s,s
2019,Chautauqua,14728,s,s
2019,Cattaraugus,14729,0,0.0*
2019,Cattaraugus,14731,0,0.0*
2019,Chautauqua,14733,13,353.4
2019,Allegany,14735,s,s
2019,Chautauqua,14736,0,0.0*
2019,Cattaraugus,14737,s,s
2019,Chautauqua,14738,6,166.8*
2019,Allegany,14739,s,s
2019,Chautauqua,14740,s,s
2019,Cattaraugus,14741,s,s
2019,Cattaraugus,14743,s,s
2019,Allegany,14744,0,0.0*
2019,Chautauqua,14747,8,357.0*
2019,Cattaraugus,14748,s,s
2019,Chautauqua,14750,10,233.9
2019,Cattaraugus,14753,s,s
2019,Allegany,14754,0,0.0*
2019,Cattaraugus,14755,8,291.3*
2019,Chautauqua,14757,7,189.9*
2019,Cattaraugus,14760,47,257.3
2019,Chautauqua,14767,0,0.0*
2019,Chautauqua,14769,7,820.6*
2019,Cattaraugus,14770,s,s
2019,Cattaraugus,14772,11,264.4
2019,Chautauqua,14775,s,s
2019,Allegany,14777,s,s
2019,Cattaraugus,14779,28,409.9
2019,Chautauqua,14781,s,s
2019,Chautauqua,14782,9,400.7*
2019,Chautauqua,14784,9,883.2*
2019,Chautauqua,14787,16,327.4
2019,Steuben,14801,6,111.6*
2019,Allegany,14802,0,0.0*
2019,Allegany,14803,0,0.0*
2019,Allegany,14804,s,s
2019,Schuyler,14805,s,s
2019,Allegany,14806,s,s
2019,Steuben,14807,s,s
2019,Steuben,14808,s,s
2019,Steuben,14809,s,s
2019,Steuben,14810,28,227.8
2019,Schuyler,14812,10,299.8
2019,Allegany,14813,s,s
2019,Chemung,14814,0,0.0*
2019,Schuyler,14815,s,s
2019,Chemung,14816,0,0.0*
2019,Tompkins,14817,7,260.8*
2019,Schuyler,14818,s,s
2019,Steuben,14819,0,0.0*
2019,Steuben,14820,0,0.0*
2019,Steuben,14821,12,371.2
2019,Allegany,14822,s,s
2019,Steuben,14823,6,164.2*
2019,Schuyler,14824,s,s
2019,Chemung,14825,0,0.0*
2019,Steuben,14826,s,s
2019,Steuben,14830,33,171.2
2019,Livingston,14836,0,0.0*
2019,Yates,14837,s,s
2019,Chemung,14838,s,s
2019,Steuben,14839,s,s
2019,Steuben,14840,s,s
2019,Schuyler,14841,s,s
2019,Yates,14842,s,s
2019,Steuben,14843,30,239.2
2019,Chemung,14845,31,151.6
2019,Livingston,14846,s,s
2019,Seneca,14847,6,261.8*
2019,Tompkins,14850,62,92.5
2019,Tompkins,14853,0,0.0*
2019,Steuben,14855,0,0.0*
2019,Steuben,14858,7,432.4*
2019,Tioga,14859,0,0.0*
2019,Seneca,14860,0,0.0*
2019,Chemung,14861,6,435.4*
2019,Chemung,14864,s,s
2019,Schuyler,14865,6,245.8*
2019,Tompkins,14867,s,s
2019,Schuyler,14869,s,s
2019,Steuben,14870,10,99.4
2019,Chemung,14871,8,184.6*
2019,Chemung,14872,0,0.0*
2019,Steuben,14873,s,s
2019,Steuben,14874,0,0.0*
2019,Steuben,14877,0,0.0*
2019,Schuyler,14878,s,s
2019,Steuben,14879,s,s
2019,Allegany,14880,s,s
2019,Tompkins,14881,0,0.0*
2019,Tompkins,14882,s,s
2019,Tioga,14883,s,s
2019,Allegany,14884,0,0.0*
2019,Steuben,14885,0,0.0*
2019,Tompkins,14886,9,135.7*
2019,Chemung,14889,s,s
2019,Schuyler,14891,s,s
2019,Tioga,14892,11,143.8
2019,Chemung,14894,s,s
2019,Allegany,14895,14,147.8
2019,Allegany,14897,s,s
2019,Steuben,14898,0,0.0*
2019,Chemung,14901,113,789.5
2019,Chemung,14903,19,208.4
2019,Chemung,14904,77,504.8
2019,Chemung,14905,25,296.7